t_horizon, graph_no, sys_matrix, graph_type, n_nodes, graph_param, density, input, edge_score, min_density, max_density, max_density_diff, fraction_of_removals_in_randomly_flipped_edges, quantity_pair_in_quotations, metric_1, corr_coef_avg_1, metric_2, corr_coef_avg_2
1.0, 0, adjacency, connected_ER, 20, 0.3, 0.268, all_ones, random, 0.268, 0.932, 0.663, 0.0, " ('sys_mat_spec_dist', 'density')", $\rho_S$, 0.997, $\tau_K$, 0.969, $\rho_P$, 0.989, " ('sys_mat_spec_dist', 'Wc_spec_dist')", $\rho_S$, 0.997, $\tau_K$, 0.963, $\rho_P$, 0.587, " ('density', 'Wc_spec_dist')", $\rho_S$, 0.999, $\tau_K$, 0.989, $\rho_P$, 0.493, 
1.0, 1, adjacency, connected_ER, 20, 0.3, 0.284, all_ones, random, 0.284, 0.895, 0.611, 0.0, " ('sys_mat_spec_dist', 'density')", $\rho_S$, 0.994, $\tau_K$, 0.942, $\rho_P$, 0.992, " ('sys_mat_spec_dist', 'Wc_spec_dist')", $\rho_S$, 0.993, $\tau_K$, 0.938, $\rho_P$, 0.62, " ('density', 'Wc_spec_dist')", $\rho_S$, 0.999, $\tau_K$, 0.984, $\rho_P$, 0.56, 
1.0, 2, adjacency, connected_ER, 20, 0.3, 0.274, all_ones, random, 0.274, 0.905, 0.632, 0.0, " ('sys_mat_spec_dist', 'density')", $\rho_S$, 0.996, $\tau_K$, 0.961, $\rho_P$, 0.987, " ('sys_mat_spec_dist', 'Wc_spec_dist')", $\rho_S$, 0.996, $\tau_K$, 0.959, $\rho_P$, 0.585, " ('density', 'Wc_spec_dist')", $\rho_S$, 1, $\tau_K$, 0.991, $\rho_P$, 0.492, 
1.0, 3, adjacency, connected_ER, 20, 0.3, 0.363, all_ones, random, 0.363, 0.932, 0.568, 0.0, " ('sys_mat_spec_dist', 'density')", $\rho_S$, 0.993, $\tau_K$, 0.94, $\rho_P$, 0.976, " ('sys_mat_spec_dist', 'Wc_spec_dist')", $\rho_S$, 0.994, $\tau_K$, 0.939, $\rho_P$, 0.611, " ('density', 'Wc_spec_dist')", $\rho_S$, 0.999, $\tau_K$, 0.99, $\rho_P$, 0.47, 
1.0, 4, adjacency, connected_ER, 20, 0.3, 0.3, all_ones, random, 0.3, 0.921, 0.621, 0.0, " ('sys_mat_spec_dist', 'density')", $\rho_S$, 0.995, $\tau_K$, 0.951, $\rho_P$, 0.985, " ('sys_mat_spec_dist', 'Wc_spec_dist')", $\rho_S$, 0.995, $\tau_K$, 0.947, $\rho_P$, 0.557, " ('density', 'Wc_spec_dist')", $\rho_S$, 0.999, $\tau_K$, 0.99, $\rho_P$, 0.448, 
1.0, 5, adjacency, connected_ER, 20, 0.3, 0.311, all_ones, random, 0.311, 0.942, 0.632, 0.0, " ('sys_mat_spec_dist', 'density')", $\rho_S$, 0.996, $\tau_K$, 0.962, $\rho_P$, 0.981, " ('sys_mat_spec_dist', 'Wc_spec_dist')", $\rho_S$, 0.995, $\tau_K$, 0.957, $\rho_P$, 0.64, " ('density', 'Wc_spec_dist')", $\rho_S$, 0.999, $\tau_K$, 0.986, $\rho_P$, 0.506, 
1.0, 6, adjacency, connected_ER, 20, 0.3, 0.332, all_ones, random, 0.332, 0.947, 0.616, 0.0, " ('sys_mat_spec_dist', 'density')", $\rho_S$, 0.993, $\tau_K$, 0.951, $\rho_P$, 0.968, " ('sys_mat_spec_dist', 'Wc_spec_dist')", $\rho_S$, 0.993, $\tau_K$, 0.944, $\rho_P$, 0.606, " ('density', 'Wc_spec_dist')", $\rho_S$, 0.999, $\tau_K$, 0.987, $\rho_P$, 0.425, 
1.0, 7, adjacency, connected_ER, 20, 0.3, 0.289, all_ones, random, 0.289, 0.932, 0.642, 0.0, " ('sys_mat_spec_dist', 'density')", $\rho_S$, 0.998, $\tau_K$, 0.97, $\rho_P$, 0.985, " ('sys_mat_spec_dist', 'Wc_spec_dist')", $\rho_S$, 0.997, $\tau_K$, 0.96, $\rho_P$, 0.644, " ('density', 'Wc_spec_dist')", $\rho_S$, 0.999, $\tau_K$, 0.988, $\rho_P$, 0.529, 
1.0, 8, adjacency, connected_ER, 20, 0.3, 0.289, all_ones, random, 0.289, 0.916, 0.626, 0.0, " ('sys_mat_spec_dist', 'density')", $\rho_S$, 0.994, $\tau_K$, 0.95, $\rho_P$, 0.986, " ('sys_mat_spec_dist', 'Wc_spec_dist')", $\rho_S$, 0.993, $\tau_K$, 0.945, $\rho_P$, 0.606, " ('density', 'Wc_spec_dist')", $\rho_S$, 0.999, $\tau_K$, 0.984, $\rho_P$, 0.506, 
1.0, 9, adjacency, connected_ER, 20, 0.3, 0.289, all_ones, random, 0.289, 0.921, 0.632, 0.0, " ('sys_mat_spec_dist', 'density')", $\rho_S$, 0.995, $\tau_K$, 0.952, $\rho_P$, 0.988, " ('sys_mat_spec_dist', 'Wc_spec_dist')", $\rho_S$, 0.995, $\tau_K$, 0.95, $\rho_P$, 0.504, " ('density', 'Wc_spec_dist')", $\rho_S$, 1, $\tau_K$, 0.99, $\rho_P$, 0.409, 
1.0, 10, adjacency, connected_ER, 20, 0.3, 0.237, all_ones, random, 0.237, 0.895, 0.658, 0.0, " ('sys_mat_spec_dist', 'density')", $\rho_S$, 0.997, $\tau_K$, 0.967, $\rho_P$, 0.993, " ('sys_mat_spec_dist', 'Wc_spec_dist')", $\rho_S$, 0.996, $\tau_K$, 0.96, $\rho_P$, 0.523, " ('density', 'Wc_spec_dist')", $\rho_S$, 1, $\tau_K$, 0.991, $\rho_P$, 0.483, 
1.0, 11, adjacency, connected_ER, 20, 0.3, 0.305, all_ones, random, 0.305, 0.932, 0.626, 0.0, " ('sys_mat_spec_dist', 'density')", $\rho_S$, 0.995, $\tau_K$, 0.953, $\rho_P$, 0.986, " ('sys_mat_spec_dist', 'Wc_spec_dist')", $\rho_S$, 0.995, $\tau_K$, 0.95, $\rho_P$, 0.558, " ('density', 'Wc_spec_dist')", $\rho_S$, 0.999, $\tau_K$, 0.988, $\rho_P$, 0.447, 
1.0, 12, adjacency, connected_ER, 20, 0.3, 0.284, all_ones, random, 0.284, 0.937, 0.653, 0.0, " ('sys_mat_spec_dist', 'density')", $\rho_S$, 0.997, $\tau_K$, 0.961, $\rho_P$, 0.988, " ('sys_mat_spec_dist', 'Wc_spec_dist')", $\rho_S$, 0.996, $\tau_K$, 0.957, $\rho_P$, 0.555, " ('density', 'Wc_spec_dist')", $\rho_S$, 1, $\tau_K$, 0.988, $\rho_P$, 0.462, 
1.0, 13, adjacency, connected_ER, 20, 0.3, 0.295, all_ones, random, 0.295, 0.932, 0.637, 0.0, " ('sys_mat_spec_dist', 'density')", $\rho_S$, 0.996, $\tau_K$, 0.957, $\rho_P$, 0.984, " ('sys_mat_spec_dist', 'Wc_spec_dist')", $\rho_S$, 0.996, $\tau_K$, 0.958, $\rho_P$, 0.54, " ('density', 'Wc_spec_dist')", $\rho_S$, 0.999, $\tau_K$, 0.987, $\rho_P$, 0.421, 
1.0, 14, adjacency, connected_ER, 20, 0.3, 0.3, all_ones, random, 0.3, 0.926, 0.626, 0.0, " ('sys_mat_spec_dist', 'density')", $\rho_S$, 0.998, $\tau_K$, 0.97, $\rho_P$, 0.988, " ('sys_mat_spec_dist', 'Wc_spec_dist')", $\rho_S$, 0.997, $\tau_K$, 0.964, $\rho_P$, 0.633, " ('density', 'Wc_spec_dist')", $\rho_S$, 0.999, $\tau_K$, 0.991, $\rho_P$, 0.526, 
1.0, 15, adjacency, connected_ER, 20, 0.3, 0.305, all_ones, random, 0.305, 0.921, 0.616, 0.0, " ('sys_mat_spec_dist', 'density')", $\rho_S$, 0.994, $\tau_K$, 0.946, $\rho_P$, 0.985, " ('sys_mat_spec_dist', 'Wc_spec_dist')", $\rho_S$, 0.994, $\tau_K$, 0.945, $\rho_P$, 0.689, " ('density', 'Wc_spec_dist')", $\rho_S$, 0.999, $\tau_K$, 0.988, $\rho_P$, 0.588, 
1.0, 16, adjacency, connected_ER, 20, 0.3, 0.274, all_ones, random, 0.274, 0.926, 0.653, 0.0, " ('sys_mat_spec_dist', 'density')", $\rho_S$, 0.998, $\tau_K$, 0.974, $\rho_P$, 0.992, " ('sys_mat_spec_dist', 'Wc_spec_dist')", $\rho_S$, 0.997, $\tau_K$, 0.967, $\rho_P$, 0.6, " ('density', 'Wc_spec_dist')", $\rho_S$, 0.999, $\tau_K$, 0.989, $\rho_P$, 0.526, 
1.0, 17, adjacency, connected_ER, 20, 0.3, 0.337, all_ones, random, 0.337, 0.942, 0.605, 0.0, " ('sys_mat_spec_dist', 'density')", $\rho_S$, 0.996, $\tau_K$, 0.957, $\rho_P$, 0.978, " ('sys_mat_spec_dist', 'Wc_spec_dist')", $\rho_S$, 0.996, $\tau_K$, 0.956, $\rho_P$, 0.668, " ('density', 'Wc_spec_dist')", $\rho_S$, 1, $\tau_K$, 0.99, $\rho_P$, 0.534, 
1.0, 18, adjacency, connected_ER, 20, 0.3, 0.279, all_ones, random, 0.279, 0.921, 0.642, 0.0, " ('sys_mat_spec_dist', 'density')", $\rho_S$, 0.994, $\tau_K$, 0.952, $\rho_P$, 0.986, " ('sys_mat_spec_dist', 'Wc_spec_dist')", $\rho_S$, 0.993, $\tau_K$, 0.948, $\rho_P$, 0.638, " ('density', 'Wc_spec_dist')", $\rho_S$, 1, $\tau_K$, 0.99, $\rho_P$, 0.545, 
1.0, 19, adjacency, connected_ER, 20, 0.3, 0.268, all_ones, random, 0.268, 0.916, 0.647, 0.0, " ('sys_mat_spec_dist', 'density')", $\rho_S$, 0.997, $\tau_K$, 0.965, $\rho_P$, 0.992, " ('sys_mat_spec_dist', 'Wc_spec_dist')", $\rho_S$, 0.997, $\tau_K$, 0.958, $\rho_P$, 0.593, " ('density', 'Wc_spec_dist')", $\rho_S$, 0.999, $\tau_K$, 0.99, $\rho_P$, 0.522, 
1.0, 20, adjacency, connected_ER, 20, 0.3, 0.337, all_ones, random, 0.337, 0.947, 0.611, 0.0, " ('sys_mat_spec_dist', 'density')", $\rho_S$, 0.997, $\tau_K$, 0.958, $\rho_P$, 0.972, " ('sys_mat_spec_dist', 'Wc_spec_dist')", $\rho_S$, 0.996, $\tau_K$, 0.953, $\rho_P$, 0.697, " ('density', 'Wc_spec_dist')", $\rho_S$, 1, $\tau_K$, 0.99, $\rho_P$, 0.55, 
1.0, 21, adjacency, connected_ER, 20, 0.3, 0.284, all_ones, random, 0.284, 0.916, 0.632, 0.0, " ('sys_mat_spec_dist', 'density')", $\rho_S$, 0.995, $\tau_K$, 0.952, $\rho_P$, 0.987, " ('sys_mat_spec_dist', 'Wc_spec_dist')", $\rho_S$, 0.993, $\tau_K$, 0.938, $\rho_P$, 0.498, " ('density', 'Wc_spec_dist')", $\rho_S$, 0.998, $\tau_K$, 0.98, $\rho_P$, 0.435, 
1.0, 22, adjacency, connected_ER, 20, 0.3, 0.284, all_ones, random, 0.284, 0.921, 0.637, 0.0, " ('sys_mat_spec_dist', 'density')", $\rho_S$, 0.997, $\tau_K$, 0.966, $\rho_P$, 0.991, " ('sys_mat_spec_dist', 'Wc_spec_dist')", $\rho_S$, 0.997, $\tau_K$, 0.96, $\rho_P$, 0.589, " ('density', 'Wc_spec_dist')", $\rho_S$, 1, $\tau_K$, 0.994, $\rho_P$, 0.508, 
1.0, 23, adjacency, connected_ER, 20, 0.3, 0.242, all_ones, random, 0.242, 0.916, 0.674, 0.0, " ('sys_mat_spec_dist', 'density')", $\rho_S$, 0.994, $\tau_K$, 0.95, $\rho_P$, 0.989, " ('sys_mat_spec_dist', 'Wc_spec_dist')", $\rho_S$, 0.994, $\tau_K$, 0.949, $\rho_P$, 0.61, " ('density', 'Wc_spec_dist')", $\rho_S$, 0.999, $\tau_K$, 0.988, $\rho_P$, 0.53, 
1.0, 24, adjacency, connected_ER, 20, 0.3, 0.342, all_ones, random, 0.342, 0.942, 0.6, 0.0, " ('sys_mat_spec_dist', 'density')", $\rho_S$, 0.994, $\tau_K$, 0.944, $\rho_P$, 0.974, " ('sys_mat_spec_dist', 'Wc_spec_dist')", $\rho_S$, 0.994, $\tau_K$, 0.943, $\rho_P$, 0.666, " ('density', 'Wc_spec_dist')", $\rho_S$, 0.999, $\tau_K$, 0.987, $\rho_P$, 0.528, 
1.0, 25, adjacency, connected_ER, 20, 0.3, 0.342, all_ones, random, 0.342, 0.937, 0.595, 0.0, " ('sys_mat_spec_dist', 'density')", $\rho_S$, 0.992, $\tau_K$, 0.946, $\rho_P$, 0.97, " ('sys_mat_spec_dist', 'Wc_spec_dist')", $\rho_S$, 0.992, $\tau_K$, 0.941, $\rho_P$, 0.643, " ('density', 'Wc_spec_dist')", $\rho_S$, 0.999, $\tau_K$, 0.987, $\rho_P$, 0.471, 
1.0, 26, adjacency, connected_ER, 20, 0.3, 0.226, all_ones, random, 0.226, 0.937, 0.711, 0.0, " ('sys_mat_spec_dist', 'density')", $\rho_S$, 0.997, $\tau_K$, 0.967, $\rho_P$, 0.994, " ('sys_mat_spec_dist', 'Wc_spec_dist')", $\rho_S$, 0.997, $\tau_K$, 0.962, $\rho_P$, 0.544, " ('density', 'Wc_spec_dist')", $\rho_S$, 1, $\tau_K$, 0.991, $\rho_P$, 0.489, 
1.0, 27, adjacency, connected_ER, 20, 0.3, 0.279, all_ones, random, 0.279, 0.905, 0.626, 0.0, " ('sys_mat_spec_dist', 'density')", $\rho_S$, 0.995, $\tau_K$, 0.956, $\rho_P$, 0.993, " ('sys_mat_spec_dist', 'Wc_spec_dist')", $\rho_S$, 0.995, $\tau_K$, 0.948, $\rho_P$, 0.52, " ('density', 'Wc_spec_dist')", $\rho_S$, 1, $\tau_K$, 0.99, $\rho_P$, 0.463, 
1.0, 28, adjacency, connected_ER, 20, 0.3, 0.253, all_ones, random, 0.253, 0.926, 0.674, 0.0, " ('sys_mat_spec_dist', 'density')", $\rho_S$, 0.996, $\tau_K$, 0.956, $\rho_P$, 0.991, " ('sys_mat_spec_dist', 'Wc_spec_dist')", $\rho_S$, 0.994, $\tau_K$, 0.949, $\rho_P$, 0.628, " ('density', 'Wc_spec_dist')", $\rho_S$, 0.999, $\tau_K$, 0.989, $\rho_P$, 0.564, 
1.0, 29, adjacency, connected_ER, 20, 0.3, 0.258, all_ones, random, 0.258, 0.916, 0.658, 0.0, " ('sys_mat_spec_dist', 'density')", $\rho_S$, 0.998, $\tau_K$, 0.974, $\rho_P$, 0.994, " ('sys_mat_spec_dist', 'Wc_spec_dist')", $\rho_S$, 0.998, $\tau_K$, 0.971, $\rho_P$, 0.611, " ('density', 'Wc_spec_dist')", $\rho_S$, 1, $\tau_K$, 0.991, $\rho_P$, 0.541, 
1.0, 30, adjacency, connected_ER, 20, 0.3, 0.326, all_ones, random, 0.326, 0.937, 0.611, 0.0, " ('sys_mat_spec_dist', 'density')", $\rho_S$, 0.997, $\tau_K$, 0.963, $\rho_P$, 0.982, " ('sys_mat_spec_dist', 'Wc_spec_dist')", $\rho_S$, 0.997, $\tau_K$, 0.959, $\rho_P$, 0.585, " ('density', 'Wc_spec_dist')", $\rho_S$, 1, $\tau_K$, 0.991, $\rho_P$, 0.455, 
1.0, 31, adjacency, connected_ER, 20, 0.3, 0.258, all_ones, random, 0.258, 0.9, 0.642, 0.0, " ('sys_mat_spec_dist', 'density')", $\rho_S$, 0.997, $\tau_K$, 0.966, $\rho_P$, 0.996, " ('sys_mat_spec_dist', 'Wc_spec_dist')", $\rho_S$, 0.996, $\tau_K$, 0.958, $\rho_P$, 0.533, " ('density', 'Wc_spec_dist')", $\rho_S$, 0.999, $\tau_K$, 0.989, $\rho_P$, 0.495, 
1.0, 32, adjacency, connected_ER, 20, 0.3, 0.268, all_ones, random, 0.268, 0.932, 0.663, 0.0, " ('sys_mat_spec_dist', 'density')", $\rho_S$, 0.993, $\tau_K$, 0.945, $\rho_P$, 0.985, " ('sys_mat_spec_dist', 'Wc_spec_dist')", $\rho_S$, 0.993, $\tau_K$, 0.941, $\rho_P$, 0.481, " ('density', 'Wc_spec_dist')", $\rho_S$, 0.999, $\tau_K$, 0.984, $\rho_P$, 0.39, 
1.0, 33, adjacency, connected_ER, 20, 0.3, 0.332, all_ones, random, 0.332, 0.905, 0.574, 0.0, " ('sys_mat_spec_dist', 'density')", $\rho_S$, 0.993, $\tau_K$, 0.948, $\rho_P$, 0.984, " ('sys_mat_spec_dist', 'Wc_spec_dist')", $\rho_S$, 0.993, $\tau_K$, 0.944, $\rho_P$, 0.654, " ('density', 'Wc_spec_dist')", $\rho_S$, 0.999, $\tau_K$, 0.989, $\rho_P$, 0.563, 
1.0, 34, adjacency, connected_ER, 20, 0.3, 0.242, all_ones, random, 0.242, 0.921, 0.679, 0.0, " ('sys_mat_spec_dist', 'density')", $\rho_S$, 0.998, $\tau_K$, 0.973, $\rho_P$, 0.994, " ('sys_mat_spec_dist', 'Wc_spec_dist')", $\rho_S$, 0.997, $\tau_K$, 0.967, $\rho_P$, 0.584, " ('density', 'Wc_spec_dist')", $\rho_S$, 1, $\tau_K$, 0.99, $\rho_P$, 0.541, 
1.0, 35, adjacency, connected_ER, 20, 0.3, 0.321, all_ones, random, 0.321, 0.932, 0.611, 0.0, " ('sys_mat_spec_dist', 'density')", $\rho_S$, 0.994, $\tau_K$, 0.947, $\rho_P$, 0.984, " ('sys_mat_spec_dist', 'Wc_spec_dist')", $\rho_S$, 0.994, $\tau_K$, 0.945, $\rho_P$, 0.624, " ('density', 'Wc_spec_dist')", $\rho_S$, 0.999, $\tau_K$, 0.987, $\rho_P$, 0.511, 
1.0, 36, adjacency, connected_ER, 20, 0.3, 0.263, all_ones, random, 0.263, 0.921, 0.658, 0.0, " ('sys_mat_spec_dist', 'density')", $\rho_S$, 0.993, $\tau_K$, 0.941, $\rho_P$, 0.985, " ('sys_mat_spec_dist', 'Wc_spec_dist')", $\rho_S$, 0.992, $\tau_K$, 0.937, $\rho_P$, 0.576, " ('density', 'Wc_spec_dist')", $\rho_S$, 0.999, $\tau_K$, 0.99, $\rho_P$, 0.486, 
1.0, 37, adjacency, connected_ER, 20, 0.3, 0.305, all_ones, random, 0.305, 0.905, 0.6, 0.0, " ('sys_mat_spec_dist', 'density')", $\rho_S$, 0.996, $\tau_K$, 0.957, $\rho_P$, 0.989, " ('sys_mat_spec_dist', 'Wc_spec_dist')", $\rho_S$, 0.995, $\tau_K$, 0.952, $\rho_P$, 0.588, " ('density', 'Wc_spec_dist')", $\rho_S$, 0.999, $\tau_K$, 0.985, $\rho_P$, 0.497, 
1.0, 38, adjacency, connected_ER, 20, 0.3, 0.332, all_ones, random, 0.332, 0.889, 0.558, 0.0, " ('sys_mat_spec_dist', 'density')", $\rho_S$, 0.993, $\tau_K$, 0.939, $\rho_P$, 0.986, " ('sys_mat_spec_dist', 'Wc_spec_dist')", $\rho_S$, 0.993, $\tau_K$, 0.937, $\rho_P$, 0.642, " ('density', 'Wc_spec_dist')", $\rho_S$, 0.999, $\tau_K$, 0.989, $\rho_P$, 0.546, 
1.0, 39, adjacency, connected_ER, 20, 0.3, 0.311, all_ones, random, 0.311, 0.921, 0.611, 0.0, " ('sys_mat_spec_dist', 'density')", $\rho_S$, 0.989, $\tau_K$, 0.927, $\rho_P$, 0.982, " ('sys_mat_spec_dist', 'Wc_spec_dist')", $\rho_S$, 0.991, $\tau_K$, 0.93, $\rho_P$, 0.633, " ('density', 'Wc_spec_dist')", $\rho_S$, 0.999, $\tau_K$, 0.989, $\rho_P$, 0.527, 
1.0, 40, adjacency, connected_ER, 20, 0.3, 0.289, all_ones, random, 0.289, 0.947, 0.658, 0.0, " ('sys_mat_spec_dist', 'density')", $\rho_S$, 0.996, $\tau_K$, 0.959, $\rho_P$, 0.977, " ('sys_mat_spec_dist', 'Wc_spec_dist')", $\rho_S$, 0.995, $\tau_K$, 0.953, $\rho_P$, 0.619, " ('density', 'Wc_spec_dist')", $\rho_S$, 0.999, $\tau_K$, 0.988, $\rho_P$, 0.472, 
1.0, 41, adjacency, connected_ER, 20, 0.3, 0.253, all_ones, random, 0.253, 0.932, 0.679, 0.0, " ('sys_mat_spec_dist', 'density')", $\rho_S$, 0.993, $\tau_K$, 0.946, $\rho_P$, 0.986, " ('sys_mat_spec_dist', 'Wc_spec_dist')", $\rho_S$, 0.992, $\tau_K$, 0.937, $\rho_P$, 0.533, " ('density', 'Wc_spec_dist')", $\rho_S$, 1, $\tau_K$, 0.991, $\rho_P$, 0.459, 
1.0, 42, adjacency, connected_ER, 20, 0.3, 0.326, all_ones, random, 0.326, 0.947, 0.621, 0.0, " ('sys_mat_spec_dist', 'density')", $\rho_S$, 0.995, $\tau_K$, 0.955, $\rho_P$, 0.976, " ('sys_mat_spec_dist', 'Wc_spec_dist')", $\rho_S$, 0.995, $\tau_K$, 0.952, $\rho_P$, 0.615, " ('density', 'Wc_spec_dist')", $\rho_S$, 0.999, $\tau_K$, 0.987, $\rho_P$, 0.457, 
1.0, 43, adjacency, connected_ER, 20, 0.3, 0.295, all_ones, random, 0.295, 0.937, 0.642, 0.0, " ('sys_mat_spec_dist', 'density')", $\rho_S$, 0.997, $\tau_K$, 0.964, $\rho_P$, 0.985, " ('sys_mat_spec_dist', 'Wc_spec_dist')", $\rho_S$, 0.997, $\tau_K$, 0.961, $\rho_P$, 0.599, " ('density', 'Wc_spec_dist')", $\rho_S$, 0.999, $\tau_K$, 0.988, $\rho_P$, 0.49, 
1.0, 44, adjacency, connected_ER, 20, 0.3, 0.316, all_ones, random, 0.316, 0.937, 0.621, 0.0, " ('sys_mat_spec_dist', 'density')", $\rho_S$, 0.995, $\tau_K$, 0.958, $\rho_P$, 0.988, " ('sys_mat_spec_dist', 'Wc_spec_dist')", $\rho_S$, 0.994, $\tau_K$, 0.949, $\rho_P$, 0.59, " ('density', 'Wc_spec_dist')", $\rho_S$, 0.999, $\tau_K$, 0.986, $\rho_P$, 0.493, 
1.0, 45, adjacency, connected_ER, 20, 0.3, 0.305, all_ones, random, 0.305, 0.937, 0.632, 0.0, " ('sys_mat_spec_dist', 'density')", $\rho_S$, 0.998, $\tau_K$, 0.97, $\rho_P$, 0.979, " ('sys_mat_spec_dist', 'Wc_spec_dist')", $\rho_S$, 0.998, $\tau_K$, 0.967, $\rho_P$, 0.656, " ('density', 'Wc_spec_dist')", $\rho_S$, 1, $\tau_K$, 0.99, $\rho_P$, 0.51, 
1.0, 46, adjacency, connected_ER, 20, 0.3, 0.258, all_ones, random, 0.258, 0.916, 0.658, 0.0, " ('sys_mat_spec_dist', 'density')", $\rho_S$, 0.996, $\tau_K$, 0.958, $\rho_P$, 0.993, " ('sys_mat_spec_dist', 'Wc_spec_dist')", $\rho_S$, 0.996, $\tau_K$, 0.954, $\rho_P$, 0.505, " ('density', 'Wc_spec_dist')", $\rho_S$, 1, $\tau_K$, 0.993, $\rho_P$, 0.448, 
1.0, 47, adjacency, connected_ER, 20, 0.3, 0.279, all_ones, random, 0.279, 0.916, 0.637, 0.0, " ('sys_mat_spec_dist', 'density')", $\rho_S$, 0.996, $\tau_K$, 0.957, $\rho_P$, 0.991, " ('sys_mat_spec_dist', 'Wc_spec_dist')", $\rho_S$, 0.994, $\tau_K$, 0.945, $\rho_P$, 0.592, " ('density', 'Wc_spec_dist')", $\rho_S$, 0.999, $\tau_K$, 0.981, $\rho_P$, 0.516, 
1.0, 48, adjacency, connected_ER, 20, 0.3, 0.263, all_ones, random, 0.263, 0.921, 0.658, 0.0, " ('sys_mat_spec_dist', 'density')", $\rho_S$, 0.996, $\tau_K$, 0.963, $\rho_P$, 0.991, " ('sys_mat_spec_dist', 'Wc_spec_dist')", $\rho_S$, 0.995, $\tau_K$, 0.955, $\rho_P$, 0.583, " ('density', 'Wc_spec_dist')", $\rho_S$, 1, $\tau_K$, 0.991, $\rho_P$, 0.504, 
1.0, 49, adjacency, connected_ER, 20, 0.3, 0.305, all_ones, random, 0.305, 0.926, 0.621, 0.0, " ('sys_mat_spec_dist', 'density')", $\rho_S$, 0.996, $\tau_K$, 0.96, $\rho_P$, 0.986, " ('sys_mat_spec_dist', 'Wc_spec_dist')", $\rho_S$, 0.997, $\tau_K$, 0.962, $\rho_P$, 0.562, " ('density', 'Wc_spec_dist')", $\rho_S$, 1, $\tau_K$, 0.99, $\rho_P$, 0.452, 
1.0, 50, adjacency, connected_ER, 20, 0.3, 0.284, all_ones, random, 0.284, 0.921, 0.637, 0.0, " ('sys_mat_spec_dist', 'density')", $\rho_S$, 0.998, $\tau_K$, 0.974, $\rho_P$, 0.991, " ('sys_mat_spec_dist', 'Wc_spec_dist')", $\rho_S$, 0.998, $\tau_K$, 0.97, $\rho_P$, 0.545, " ('density', 'Wc_spec_dist')", $\rho_S$, 1, $\tau_K$, 0.992, $\rho_P$, 0.463, 
1.0, 51, adjacency, connected_ER, 20, 0.3, 0.284, all_ones, random, 0.284, 0.926, 0.642, 0.0, " ('sys_mat_spec_dist', 'density')", $\rho_S$, 0.996, $\tau_K$, 0.962, $\rho_P$, 0.989, " ('sys_mat_spec_dist', 'Wc_spec_dist')", $\rho_S$, 0.996, $\tau_K$, 0.959, $\rho_P$, 0.57, " ('density', 'Wc_spec_dist')", $\rho_S$, 0.999, $\tau_K$, 0.989, $\rho_P$, 0.468, 
1.0, 52, adjacency, connected_ER, 20, 0.3, 0.311, all_ones, random, 0.311, 0.921, 0.611, 0.0, " ('sys_mat_spec_dist', 'density')", $\rho_S$, 0.997, $\tau_K$, 0.965, $\rho_P$, 0.993, " ('sys_mat_spec_dist', 'Wc_spec_dist')", $\rho_S$, 0.996, $\tau_K$, 0.959, $\rho_P$, 0.567, " ('density', 'Wc_spec_dist')", $\rho_S$, 0.999, $\tau_K$, 0.987, $\rho_P$, 0.493, 
1.0, 53, adjacency, connected_ER, 20, 0.3, 0.3, all_ones, random, 0.3, 0.911, 0.611, 0.0, " ('sys_mat_spec_dist', 'density')", $\rho_S$, 0.994, $\tau_K$, 0.951, $\rho_P$, 0.983, " ('sys_mat_spec_dist', 'Wc_spec_dist')", $\rho_S$, 0.993, $\tau_K$, 0.943, $\rho_P$, 0.604, " ('density', 'Wc_spec_dist')", $\rho_S$, 0.999, $\tau_K$, 0.989, $\rho_P$, 0.498, 
1.0, 54, adjacency, connected_ER, 20, 0.3, 0.253, all_ones, random, 0.253, 0.905, 0.653, 0.0, " ('sys_mat_spec_dist', 'density')", $\rho_S$, 0.995, $\tau_K$, 0.956, $\rho_P$, 0.992, " ('sys_mat_spec_dist', 'Wc_spec_dist')", $\rho_S$, 0.995, $\tau_K$, 0.954, $\rho_P$, 0.389, " ('density', 'Wc_spec_dist')", $\rho_S$, 1, $\tau_K$, 0.991, $\rho_P$, 0.359, 
1.0, 55, adjacency, connected_ER, 20, 0.3, 0.289, all_ones, random, 0.289, 0.942, 0.653, 0.0, " ('sys_mat_spec_dist', 'density')", $\rho_S$, 0.994, $\tau_K$, 0.941, $\rho_P$, 0.978, " ('sys_mat_spec_dist', 'Wc_spec_dist')", $\rho_S$, 0.992, $\tau_K$, 0.931, $\rho_P$, 0.529, " ('density', 'Wc_spec_dist')", $\rho_S$, 0.999, $\tau_K$, 0.981, $\rho_P$, 0.391, 
1.0, 56, adjacency, connected_ER, 20, 0.3, 0.342, all_ones, random, 0.342, 0.958, 0.616, 0.0, " ('sys_mat_spec_dist', 'density')", $\rho_S$, 0.994, $\tau_K$, 0.946, $\rho_P$, 0.971, " ('sys_mat_spec_dist', 'Wc_spec_dist')", $\rho_S$, 0.995, $\tau_K$, 0.947, $\rho_P$, 0.71, " ('density', 'Wc_spec_dist')", $\rho_S$, 0.999, $\tau_K$, 0.986, $\rho_P$, 0.563, 
1.0, 57, adjacency, connected_ER, 20, 0.3, 0.311, all_ones, random, 0.311, 0.926, 0.616, 0.0, " ('sys_mat_spec_dist', 'density')", $\rho_S$, 0.994, $\tau_K$, 0.947, $\rho_P$, 0.986, " ('sys_mat_spec_dist', 'Wc_spec_dist')", $\rho_S$, 0.994, $\tau_K$, 0.946, $\rho_P$, 0.668, " ('density', 'Wc_spec_dist')", $\rho_S$, 0.999, $\tau_K$, 0.989, $\rho_P$, 0.569, 
1.0, 58, adjacency, connected_ER, 20, 0.3, 0.337, all_ones, random, 0.337, 0.932, 0.595, 0.0, " ('sys_mat_spec_dist', 'density')", $\rho_S$, 0.991, $\tau_K$, 0.941, $\rho_P$, 0.978, " ('sys_mat_spec_dist', 'Wc_spec_dist')", $\rho_S$, 0.991, $\tau_K$, 0.938, $\rho_P$, 0.607, " ('density', 'Wc_spec_dist')", $\rho_S$, 0.999, $\tau_K$, 0.984, $\rho_P$, 0.471, 
1.0, 59, adjacency, connected_ER, 20, 0.3, 0.295, all_ones, random, 0.295, 0.932, 0.637, 0.0, " ('sys_mat_spec_dist', 'density')", $\rho_S$, 0.996, $\tau_K$, 0.962, $\rho_P$, 0.988, " ('sys_mat_spec_dist', 'Wc_spec_dist')", $\rho_S$, 0.995, $\tau_K$, 0.954, $\rho_P$, 0.574, " ('density', 'Wc_spec_dist')", $\rho_S$, 0.999, $\tau_K$, 0.987, $\rho_P$, 0.478, 
1.0, 60, adjacency, connected_ER, 20, 0.3, 0.274, all_ones, random, 0.274, 0.916, 0.642, 0.0, " ('sys_mat_spec_dist', 'density')", $\rho_S$, 0.994, $\tau_K$, 0.949, $\rho_P$, 0.984, " ('sys_mat_spec_dist', 'Wc_spec_dist')", $\rho_S$, 0.994, $\tau_K$, 0.945, $\rho_P$, 0.63, " ('density', 'Wc_spec_dist')", $\rho_S$, 0.999, $\tau_K$, 0.98, $\rho_P$, 0.552, 
1.0, 61, adjacency, connected_ER, 20, 0.3, 0.295, all_ones, random, 0.295, 0.937, 0.642, 0.0, " ('sys_mat_spec_dist', 'density')", $\rho_S$, 0.995, $\tau_K$, 0.955, $\rho_P$, 0.985, " ('sys_mat_spec_dist', 'Wc_spec_dist')", $\rho_S$, 0.995, $\tau_K$, 0.95, $\rho_P$, 0.574, " ('density', 'Wc_spec_dist')", $\rho_S$, 1, $\tau_K$, 0.991, $\rho_P$, 0.46, 
1.0, 62, adjacency, connected_ER, 20, 0.3, 0.311, all_ones, random, 0.311, 0.937, 0.626, 0.0, " ('sys_mat_spec_dist', 'density')", $\rho_S$, 0.995, $\tau_K$, 0.956, $\rho_P$, 0.982, " ('sys_mat_spec_dist', 'Wc_spec_dist')", $\rho_S$, 0.995, $\tau_K$, 0.949, $\rho_P$, 0.623, " ('density', 'Wc_spec_dist')", $\rho_S$, 0.999, $\tau_K$, 0.99, $\rho_P$, 0.492, 
1.0, 63, adjacency, connected_ER, 20, 0.3, 0.337, all_ones, random, 0.337, 0.932, 0.595, 0.0, " ('sys_mat_spec_dist', 'density')", $\rho_S$, 0.995, $\tau_K$, 0.954, $\rho_P$, 0.979, " ('sys_mat_spec_dist', 'Wc_spec_dist')", $\rho_S$, 0.995, $\tau_K$, 0.952, $\rho_P$, 0.636, " ('density', 'Wc_spec_dist')", $\rho_S$, 1, $\tau_K$, 0.99, $\rho_P$, 0.494, 
1.0, 64, adjacency, connected_ER, 20, 0.3, 0.253, all_ones, random, 0.253, 0.916, 0.663, 0.0, " ('sys_mat_spec_dist', 'density')", $\rho_S$, 0.995, $\tau_K$, 0.956, $\rho_P$, 0.992, " ('sys_mat_spec_dist', 'Wc_spec_dist')", $\rho_S$, 0.995, $\tau_K$, 0.952, $\rho_P$, 0.532, " ('density', 'Wc_spec_dist')", $\rho_S$, 1, $\tau_K$, 0.99, $\rho_P$, 0.46, 
1.0, 65, adjacency, connected_ER, 20, 0.3, 0.279, all_ones, random, 0.279, 0.926, 0.647, 0.0, " ('sys_mat_spec_dist', 'density')", $\rho_S$, 0.997, $\tau_K$, 0.968, $\rho_P$, 0.987, " ('sys_mat_spec_dist', 'Wc_spec_dist')", $\rho_S$, 0.997, $\tau_K$, 0.967, $\rho_P$, 0.626, " ('density', 'Wc_spec_dist')", $\rho_S$, 1, $\tau_K$, 0.991, $\rho_P$, 0.514, 
1.0, 66, adjacency, connected_ER, 20, 0.3, 0.3, all_ones, random, 0.3, 0.895, 0.595, 0.0, " ('sys_mat_spec_dist', 'density')", $\rho_S$, 0.994, $\tau_K$, 0.945, $\rho_P$, 0.982, " ('sys_mat_spec_dist', 'Wc_spec_dist')", $\rho_S$, 0.993, $\tau_K$, 0.939, $\rho_P$, 0.656, " ('density', 'Wc_spec_dist')", $\rho_S$, 0.999, $\tau_K$, 0.987, $\rho_P$, 0.548, 
1.0, 67, adjacency, connected_ER, 20, 0.3, 0.305, all_ones, random, 0.305, 0.926, 0.621, 0.0, " ('sys_mat_spec_dist', 'density')", $\rho_S$, 0.996, $\tau_K$, 0.96, $\rho_P$, 0.984, " ('sys_mat_spec_dist', 'Wc_spec_dist')", $\rho_S$, 0.996, $\tau_K$, 0.956, $\rho_P$, 0.679, " ('density', 'Wc_spec_dist')", $\rho_S$, 0.999, $\tau_K$, 0.986, $\rho_P$, 0.566, 
1.0, 68, adjacency, connected_ER, 20, 0.3, 0.311, all_ones, random, 0.311, 0.916, 0.605, 0.0, " ('sys_mat_spec_dist', 'density')", $\rho_S$, 0.995, $\tau_K$, 0.955, $\rho_P$, 0.989, " ('sys_mat_spec_dist', 'Wc_spec_dist')", $\rho_S$, 0.994, $\tau_K$, 0.945, $\rho_P$, 0.646, " ('density', 'Wc_spec_dist')", $\rho_S$, 0.999, $\tau_K$, 0.984, $\rho_P$, 0.563, 
1.0, 69, adjacency, connected_ER, 20, 0.3, 0.263, all_ones, random, 0.263, 0.9, 0.637, 0.0, " ('sys_mat_spec_dist', 'density')", $\rho_S$, 0.994, $\tau_K$, 0.951, $\rho_P$, 0.992, " ('sys_mat_spec_dist', 'Wc_spec_dist')", $\rho_S$, 0.993, $\tau_K$, 0.948, $\rho_P$, 0.548, " ('density', 'Wc_spec_dist')", $\rho_S$, 0.999, $\tau_K$, 0.986, $\rho_P$, 0.503, 
1.0, 70, adjacency, connected_ER, 20, 0.3, 0.284, all_ones, random, 0.284, 0.916, 0.632, 0.0, " ('sys_mat_spec_dist', 'density')", $\rho_S$, 0.995, $\tau_K$, 0.957, $\rho_P$, 0.99, " ('sys_mat_spec_dist', 'Wc_spec_dist')", $\rho_S$, 0.994, $\tau_K$, 0.952, $\rho_P$, 0.621, " ('density', 'Wc_spec_dist')", $\rho_S$, 0.999, $\tau_K$, 0.989, $\rho_P$, 0.534, 
1.0, 71, adjacency, connected_ER, 20, 0.3, 0.321, all_ones, random, 0.321, 0.926, 0.605, 0.0, " ('sys_mat_spec_dist', 'density')", $\rho_S$, 0.999, $\tau_K$, 0.98, $\rho_P$, 0.989, " ('sys_mat_spec_dist', 'Wc_spec_dist')", $\rho_S$, 0.999, $\tau_K$, 0.98, $\rho_P$, 0.633, " ('density', 'Wc_spec_dist')", $\rho_S$, 1, $\tau_K$, 0.991, $\rho_P$, 0.53, 
1.0, 72, adjacency, connected_ER, 20, 0.3, 0.337, all_ones, random, 0.337, 0.926, 0.589, 0.0, " ('sys_mat_spec_dist', 'density')", $\rho_S$, 0.994, $\tau_K$, 0.946, $\rho_P$, 0.977, " ('sys_mat_spec_dist', 'Wc_spec_dist')", $\rho_S$, 0.995, $\tau_K$, 0.943, $\rho_P$, 0.661, " ('density', 'Wc_spec_dist')", $\rho_S$, 1, $\tau_K$, 0.991, $\rho_P$, 0.538, 
1.0, 73, adjacency, connected_ER, 20, 0.3, 0.337, all_ones, random, 0.337, 0.947, 0.611, 0.0, " ('sys_mat_spec_dist', 'density')", $\rho_S$, 0.994, $\tau_K$, 0.948, $\rho_P$, 0.976, " ('sys_mat_spec_dist', 'Wc_spec_dist')", $\rho_S$, 0.994, $\tau_K$, 0.945, $\rho_P$, 0.657, " ('density', 'Wc_spec_dist')", $\rho_S$, 0.999, $\tau_K$, 0.989, $\rho_P$, 0.522, 
1.0, 74, adjacency, connected_ER, 20, 0.3, 0.353, all_ones, random, 0.353, 0.932, 0.579, 0.0, " ('sys_mat_spec_dist', 'density')", $\rho_S$, 0.995, $\tau_K$, 0.955, $\rho_P$, 0.974, " ('sys_mat_spec_dist', 'Wc_spec_dist')", $\rho_S$, 0.996, $\tau_K$, 0.953, $\rho_P$, 0.702, " ('density', 'Wc_spec_dist')", $\rho_S$, 0.999, $\tau_K$, 0.987, $\rho_P$, 0.56, 
1.0, 75, adjacency, connected_ER, 20, 0.3, 0.337, all_ones, random, 0.337, 0.921, 0.584, 0.0, " ('sys_mat_spec_dist', 'density')", $\rho_S$, 0.993, $\tau_K$, 0.945, $\rho_P$, 0.972, " ('sys_mat_spec_dist', 'Wc_spec_dist')", $\rho_S$, 0.993, $\tau_K$, 0.945, $\rho_P$, 0.668, " ('density', 'Wc_spec_dist')", $\rho_S$, 1, $\tau_K$, 0.992, $\rho_P$, 0.523, 
1.0, 76, adjacency, connected_ER, 20, 0.3, 0.305, all_ones, random, 0.305, 0.911, 0.605, 0.0, " ('sys_mat_spec_dist', 'density')", $\rho_S$, 0.997, $\tau_K$, 0.97, $\rho_P$, 0.992, " ('sys_mat_spec_dist', 'Wc_spec_dist')", $\rho_S$, 0.997, $\tau_K$, 0.964, $\rho_P$, 0.49, " ('density', 'Wc_spec_dist')", $\rho_S$, 0.999, $\tau_K$, 0.987, $\rho_P$, 0.417, 
1.0, 77, adjacency, connected_ER, 20, 0.3, 0.311, all_ones, random, 0.311, 0.905, 0.595, 0.0, " ('sys_mat_spec_dist', 'density')", $\rho_S$, 0.996, $\tau_K$, 0.954, $\rho_P$, 0.988, " ('sys_mat_spec_dist', 'Wc_spec_dist')", $\rho_S$, 0.995, $\tau_K$, 0.947, $\rho_P$, 0.572, " ('density', 'Wc_spec_dist')", $\rho_S$, 0.999, $\tau_K$, 0.99, $\rho_P$, 0.48, 
1.0, 78, adjacency, connected_ER, 20, 0.3, 0.316, all_ones, random, 0.316, 0.947, 0.632, 0.0, " ('sys_mat_spec_dist', 'density')", $\rho_S$, 0.997, $\tau_K$, 0.964, $\rho_P$, 0.975, " ('sys_mat_spec_dist', 'Wc_spec_dist')", $\rho_S$, 0.997, $\tau_K$, 0.961, $\rho_P$, 0.673, " ('density', 'Wc_spec_dist')", $\rho_S$, 0.999, $\tau_K$, 0.985, $\rho_P$, 0.526, 
1.0, 79, adjacency, connected_ER, 20, 0.3, 0.284, all_ones, random, 0.284, 0.932, 0.647, 0.0, " ('sys_mat_spec_dist', 'density')", $\rho_S$, 0.996, $\tau_K$, 0.958, $\rho_P$, 0.984, " ('sys_mat_spec_dist', 'Wc_spec_dist')", $\rho_S$, 0.995, $\tau_K$, 0.951, $\rho_P$, 0.66, " ('density', 'Wc_spec_dist')", $\rho_S$, 0.999, $\tau_K$, 0.987, $\rho_P$, 0.543, 
1.0, 80, adjacency, connected_ER, 20, 0.3, 0.3, all_ones, random, 0.3, 0.932, 0.632, 0.0, " ('sys_mat_spec_dist', 'density')", $\rho_S$, 0.996, $\tau_K$, 0.961, $\rho_P$, 0.983, " ('sys_mat_spec_dist', 'Wc_spec_dist')", $\rho_S$, 0.996, $\tau_K$, 0.955, $\rho_P$, 0.584, " ('density', 'Wc_spec_dist')", $\rho_S$, 0.999, $\tau_K$, 0.99, $\rho_P$, 0.467, 
1.0, 81, adjacency, connected_ER, 20, 0.3, 0.326, all_ones, random, 0.326, 0.942, 0.616, 0.0, " ('sys_mat_spec_dist', 'density')", $\rho_S$, 0.997, $\tau_K$, 0.967, $\rho_P$, 0.977, " ('sys_mat_spec_dist', 'Wc_spec_dist')", $\rho_S$, 0.997, $\tau_K$, 0.964, $\rho_P$, 0.65, " ('density', 'Wc_spec_dist')", $\rho_S$, 1, $\tau_K$, 0.99, $\rho_P$, 0.498, 
1.0, 82, adjacency, connected_ER, 20, 0.3, 0.347, all_ones, random, 0.347, 0.926, 0.579, 0.0, " ('sys_mat_spec_dist', 'density')", $\rho_S$, 0.993, $\tau_K$, 0.943, $\rho_P$, 0.98, " ('sys_mat_spec_dist', 'Wc_spec_dist')", $\rho_S$, 0.993, $\tau_K$, 0.939, $\rho_P$, 0.689, " ('density', 'Wc_spec_dist')", $\rho_S$, 0.999, $\tau_K$, 0.987, $\rho_P$, 0.565, 
1.0, 83, adjacency, connected_ER, 20, 0.3, 0.268, all_ones, random, 0.268, 0.926, 0.658, 0.0, " ('sys_mat_spec_dist', 'density')", $\rho_S$, 0.995, $\tau_K$, 0.955, $\rho_P$, 0.989, " ('sys_mat_spec_dist', 'Wc_spec_dist')", $\rho_S$, 0.995, $\tau_K$, 0.949, $\rho_P$, 0.583, " ('density', 'Wc_spec_dist')", $\rho_S$, 0.999, $\tau_K$, 0.985, $\rho_P$, 0.501, 
1.0, 84, adjacency, connected_ER, 20, 0.3, 0.295, all_ones, random, 0.295, 0.937, 0.642, 0.0, " ('sys_mat_spec_dist', 'density')", $\rho_S$, 0.998, $\tau_K$, 0.97, $\rho_P$, 0.984, " ('sys_mat_spec_dist', 'Wc_spec_dist')", $\rho_S$, 0.998, $\tau_K$, 0.969, $\rho_P$, 0.689, " ('density', 'Wc_spec_dist')", $\rho_S$, 0.999, $\tau_K$, 0.99, $\rho_P$, 0.564, 
1.0, 85, adjacency, connected_ER, 20, 0.3, 0.284, all_ones, random, 0.284, 0.932, 0.647, 0.0, " ('sys_mat_spec_dist', 'density')", $\rho_S$, 0.996, $\tau_K$, 0.963, $\rho_P$, 0.985, " ('sys_mat_spec_dist', 'Wc_spec_dist')", $\rho_S$, 0.997, $\tau_K$, 0.963, $\rho_P$, 0.608, " ('density', 'Wc_spec_dist')", $\rho_S$, 1, $\tau_K$, 0.994, $\rho_P$, 0.497, 
1.0, 86, adjacency, connected_ER, 20, 0.3, 0.295, all_ones, random, 0.295, 0.932, 0.637, 0.0, " ('sys_mat_spec_dist', 'density')", $\rho_S$, 0.997, $\tau_K$, 0.965, $\rho_P$, 0.989, " ('sys_mat_spec_dist', 'Wc_spec_dist')", $\rho_S$, 0.997, $\tau_K$, 0.962, $\rho_P$, 0.577, " ('density', 'Wc_spec_dist')", $\rho_S$, 0.999, $\tau_K$, 0.985, $\rho_P$, 0.473, 
1.0, 87, adjacency, connected_ER, 20, 0.3, 0.279, all_ones, random, 0.279, 0.911, 0.632, 0.0, " ('sys_mat_spec_dist', 'density')", $\rho_S$, 0.996, $\tau_K$, 0.962, $\rho_P$, 0.989, " ('sys_mat_spec_dist', 'Wc_spec_dist')", $\rho_S$, 0.995, $\tau_K$, 0.953, $\rho_P$, 0.616, " ('density', 'Wc_spec_dist')", $\rho_S$, 0.999, $\tau_K$, 0.986, $\rho_P$, 0.536, 
1.0, 88, adjacency, connected_ER, 20, 0.3, 0.3, all_ones, random, 0.3, 0.911, 0.611, 0.0, " ('sys_mat_spec_dist', 'density')", $\rho_S$, 0.997, $\tau_K$, 0.966, $\rho_P$, 0.991, " ('sys_mat_spec_dist', 'Wc_spec_dist')", $\rho_S$, 0.996, $\tau_K$, 0.958, $\rho_P$, 0.608, " ('density', 'Wc_spec_dist')", $\rho_S$, 0.999, $\tau_K$, 0.986, $\rho_P$, 0.522, 
1.0, 89, adjacency, connected_ER, 20, 0.3, 0.258, all_ones, random, 0.258, 0.926, 0.668, 0.0, " ('sys_mat_spec_dist', 'density')", $\rho_S$, 0.995, $\tau_K$, 0.955, $\rho_P$, 0.988, " ('sys_mat_spec_dist', 'Wc_spec_dist')", $\rho_S$, 0.995, $\tau_K$, 0.95, $\rho_P$, 0.545, " ('density', 'Wc_spec_dist')", $\rho_S$, 0.999, $\tau_K$, 0.984, $\rho_P$, 0.473, 
1.0, 90, adjacency, connected_ER, 20, 0.3, 0.242, all_ones, random, 0.242, 0.921, 0.679, 0.0, " ('sys_mat_spec_dist', 'density')", $\rho_S$, 0.997, $\tau_K$, 0.967, $\rho_P$, 0.991, " ('sys_mat_spec_dist', 'Wc_spec_dist')", $\rho_S$, 0.996, $\tau_K$, 0.96, $\rho_P$, 0.599, " ('density', 'Wc_spec_dist')", $\rho_S$, 0.999, $\tau_K$, 0.989, $\rho_P$, 0.522, 
1.0, 91, adjacency, connected_ER, 20, 0.3, 0.316, all_ones, random, 0.316, 0.926, 0.611, 0.0, " ('sys_mat_spec_dist', 'density')", $\rho_S$, 0.995, $\tau_K$, 0.955, $\rho_P$, 0.985, " ('sys_mat_spec_dist', 'Wc_spec_dist')", $\rho_S$, 0.994, $\tau_K$, 0.948, $\rho_P$, 0.639, " ('density', 'Wc_spec_dist')", $\rho_S$, 0.999, $\tau_K$, 0.99, $\rho_P$, 0.539, 
1.0, 92, adjacency, connected_ER, 20, 0.3, 0.316, all_ones, random, 0.316, 0.947, 0.632, 0.0, " ('sys_mat_spec_dist', 'density')", $\rho_S$, 0.994, $\tau_K$, 0.95, $\rho_P$, 0.981, " ('sys_mat_spec_dist', 'Wc_spec_dist')", $\rho_S$, 0.995, $\tau_K$, 0.952, $\rho_P$, 0.618, " ('density', 'Wc_spec_dist')", $\rho_S$, 0.999, $\tau_K$, 0.991, $\rho_P$, 0.48, 
1.0, 93, adjacency, connected_ER, 20, 0.3, 0.332, all_ones, random, 0.332, 0.947, 0.616, 0.0, " ('sys_mat_spec_dist', 'density')", $\rho_S$, 0.997, $\tau_K$, 0.963, $\rho_P$, 0.969, " ('sys_mat_spec_dist', 'Wc_spec_dist')", $\rho_S$, 0.997, $\tau_K$, 0.963, $\rho_P$, 0.752, " ('density', 'Wc_spec_dist')", $\rho_S$, 0.999, $\tau_K$, 0.987, $\rho_P$, 0.596, 
1.0, 94, adjacency, connected_ER, 20, 0.3, 0.289, all_ones, random, 0.289, 0.921, 0.632, 0.0, " ('sys_mat_spec_dist', 'density')", $\rho_S$, 0.997, $\tau_K$, 0.969, $\rho_P$, 0.989, " ('sys_mat_spec_dist', 'Wc_spec_dist')", $\rho_S$, 0.997, $\tau_K$, 0.962, $\rho_P$, 0.612, " ('density', 'Wc_spec_dist')", $\rho_S$, 1, $\tau_K$, 0.992, $\rho_P$, 0.522, 
1.0, 95, adjacency, connected_ER, 20, 0.3, 0.311, all_ones, random, 0.311, 0.932, 0.621, 0.0, " ('sys_mat_spec_dist', 'density')", $\rho_S$, 0.996, $\tau_K$, 0.957, $\rho_P$, 0.99, " ('sys_mat_spec_dist', 'Wc_spec_dist')", $\rho_S$, 0.996, $\tau_K$, 0.956, $\rho_P$, 0.525, " ('density', 'Wc_spec_dist')", $\rho_S$, 0.999, $\tau_K$, 0.988, $\rho_P$, 0.445, 
1.0, 96, adjacency, connected_ER, 20, 0.3, 0.321, all_ones, random, 0.321, 0.947, 0.626, 0.0, " ('sys_mat_spec_dist', 'density')", $\rho_S$, 0.995, $\tau_K$, 0.952, $\rho_P$, 0.971, " ('sys_mat_spec_dist', 'Wc_spec_dist')", $\rho_S$, 0.995, $\tau_K$, 0.948, $\rho_P$, 0.699, " ('density', 'Wc_spec_dist')", $\rho_S$, 0.999, $\tau_K$, 0.986, $\rho_P$, 0.535, 
1.0, 97, adjacency, connected_ER, 20, 0.3, 0.332, all_ones, random, 0.332, 0.926, 0.595, 0.0, " ('sys_mat_spec_dist', 'density')", $\rho_S$, 0.993, $\tau_K$, 0.941, $\rho_P$, 0.977, " ('sys_mat_spec_dist', 'Wc_spec_dist')", $\rho_S$, 0.993, $\tau_K$, 0.937, $\rho_P$, 0.624, " ('density', 'Wc_spec_dist')", $\rho_S$, 0.999, $\tau_K$, 0.987, $\rho_P$, 0.488, 
1.0, 98, adjacency, connected_ER, 20, 0.3, 0.279, all_ones, random, 0.279, 0.937, 0.658, 0.0, " ('sys_mat_spec_dist', 'density')", $\rho_S$, 0.997, $\tau_K$, 0.969, $\rho_P$, 0.983, " ('sys_mat_spec_dist', 'Wc_spec_dist')", $\rho_S$, 0.997, $\tau_K$, 0.964, $\rho_P$, 0.663, " ('density', 'Wc_spec_dist')", $\rho_S$, 0.999, $\tau_K$, 0.987, $\rho_P$, 0.537, 
1.0, 99, adjacency, connected_ER, 20, 0.3, 0.289, all_ones, random, 0.289, 0.932, 0.642, 0.0, " ('sys_mat_spec_dist', 'density')", $\rho_S$, 0.997, $\tau_K$, 0.963, $\rho_P$, 0.986, " ('sys_mat_spec_dist', 'Wc_spec_dist')", $\rho_S$, 0.996, $\tau_K$, 0.956, $\rho_P$, 0.624, " ('density', 'Wc_spec_dist')", $\rho_S$, 0.999, $\tau_K$, 0.988, $\rho_P$, 0.511, 
