n_graphs, sys_matrix, graph_type, n_nodes, graph_param, density_avg, density_std, input, edge_score, density_range, fractions_of_removals_in_randomly_flipped_edges, quantity_pair_in_quotations, metric_1, corr_coef_avg_1, corr_coef_std_1, metric_2, corr_coef_avg_2, corr_coef_std_2
100, adjacency, connected_ER, 20, 0.3, 0.297, 0.0291, all_ones, random, [0.297 ± 0.0291, 0.925 ± 0.0123],  0, " ('sys_mat_spec_dist', 'random')", $\rho_S$, -0.0151, 0.0957, $\tau_K$, -0.0106, 0.0643, " ('sys_mat_spec_dist', 'Wc_spec_dist')", $\rho_S$, 0.995, 0.00175, $\tau_K$, 0.954, 0.00982, " ('sys_mat_spec_dist', 'density')", $\rho_S$, 0.996, 0.00165, $\tau_K$, 0.958, 0.00952, " ('Wc_spec_dist', 'density')", $\rho_S$, 0.999, 0.000191, $\tau_K$, 0.988, 0.00234, 
100, adjacency, connected_RG, 20, 0.25, 0.182, 0.0273, all_ones, random, [0.182 ± 0.0273, 0.914 ± 0.0102],  0, " ('sys_mat_spec_dist', 'random')", $\rho_S$, -0.0016, 0.103, $\tau_K$, -0.00138, 0.0694, " ('sys_mat_spec_dist', 'Wc_spec_dist')", $\rho_S$, 0.981, 0.00981, $\tau_K$, 0.904, 0.0288, " ('sys_mat_spec_dist', 'density')", $\rho_S$, 0.983, 0.00955, $\tau_K$, 0.912, 0.0288, " ('Wc_spec_dist', 'density')", $\rho_S$, 0.999, 0.000229, $\tau_K$, 0.988, 0.0028, 
100, adjacency, BA, 20, 3, 0.289, 1.11e-16, all_ones, random, [0.289 ± 1.11e-16, 0.933 ± 0.00897],  0, " ('sys_mat_spec_dist', 'random')", $\rho_S$, -0.00107, 0.101, $\tau_K$, -0.00137, 0.0671, " ('sys_mat_spec_dist', 'Wc_spec_dist')", $\rho_S$, 0.993, 0.00275, $\tau_K$, 0.94, 0.0117, " ('sys_mat_spec_dist', 'density')", $\rho_S$, 0.994, 0.00252, $\tau_K$, 0.947, 0.0108, " ('Wc_spec_dist', 'density')", $\rho_S$, 0.999, 0.000246, $\tau_K$, 0.986, 0.00255, 
100, adjacency, connected_ER, 20, 0.3, 0.297, 0.0291, identity, random, [0.297 ± 0.0291, 0.928 ± 0.0124],  0, " ('sys_mat_spec_dist', 'random')", $\rho_S$, -0.00277, 0.106, $\tau_K$, -0.00286, 0.0714, " ('sys_mat_spec_dist', 'Wc_spec_dist')", $\rho_S$, 0.995, 0.00168, $\tau_K$, 0.951, 0.00935, " ('sys_mat_spec_dist', 'density')", $\rho_S$, 0.996, 0.00156, $\tau_K$, 0.957, 0.00865, " ('Wc_spec_dist', 'density')", $\rho_S$, 0.999, 0.000269, $\tau_K$, 0.987, 0.00293, 
100, adjacency, connected_RG, 20, 0.25, 0.182, 0.0273, identity, random, [0.182 ± 0.0273, 0.913 ± 0.0115],  0, " ('sys_mat_spec_dist', 'random')", $\rho_S$, 0.0131, 0.0945, $\tau_K$, 0.00897, 0.0636, " ('sys_mat_spec_dist', 'Wc_spec_dist')", $\rho_S$, 0.982, 0.0102, $\tau_K$, 0.905, 0.0298, " ('sys_mat_spec_dist', 'density')", $\rho_S$, 0.984, 0.0101, $\tau_K$, 0.914, 0.0303, " ('Wc_spec_dist', 'density')", $\rho_S$, 0.999, 0.000361, $\tau_K$, 0.986, 0.00382, 
100, adjacency, BA, 20, 3, 0.289, 1.11e-16, identity, random, [0.289 ± 1.11e-16, 0.934 ± 0.00983],  0, " ('sys_mat_spec_dist', 'random')", $\rho_S$, -0.00536, 0.0989, $\tau_K$, -0.00362, 0.0665, " ('sys_mat_spec_dist', 'Wc_spec_dist')", $\rho_S$, 0.993, 0.00255, $\tau_K$, 0.939, 0.0116, " ('sys_mat_spec_dist', 'density')", $\rho_S$, 0.994, 0.00233, $\tau_K$, 0.947, 0.011, " ('Wc_spec_dist', 'density')", $\rho_S$, 0.999, 0.000245, $\tau_K$, 0.986, 0.00264, 
100, adjacency, connected_ER, 20, 0.3, 0.297, 0.0291, zfs, random, [0.297 ± 0.0291, 0.926 ± 0.0122],  0, " ('sys_mat_spec_dist', 'random')", $\rho_S$, -0.00394, 0.0996, $\tau_K$, -0.00253, 0.0671, " ('sys_mat_spec_dist', 'Wc_spec_dist')", $\rho_S$, 0.995, 0.0021, $\tau_K$, 0.951, 0.0103, " ('sys_mat_spec_dist', 'density')", $\rho_S$, 0.995, 0.00203, $\tau_K$, 0.957, 0.00989, " ('Wc_spec_dist', 'density')", $\rho_S$, 0.999, 0.000273, $\tau_K$, 0.987, 0.00307, 
100, adjacency, connected_RG, 20, 0.25, 0.182, 0.0273, zfs, random, [0.182 ± 0.0273, 0.913 ± 0.011],  0, " ('sys_mat_spec_dist', 'random')", $\rho_S$, -0.00332, 0.091, $\tau_K$, -0.00259, 0.062, " ('sys_mat_spec_dist', 'Wc_spec_dist')", $\rho_S$, 0.982, 0.0113, $\tau_K$, 0.903, 0.0282, " ('sys_mat_spec_dist', 'density')", $\rho_S$, 0.983, 0.011, $\tau_K$, 0.913, 0.0289, " ('Wc_spec_dist', 'density')", $\rho_S$, 0.999, 0.000331, $\tau_K$, 0.984, 0.00344, 
100, adjacency, BA, 20, 3, 0.289, 1.11e-16, zfs, random, [0.289 ± 1.11e-16, 0.933 ± 0.0096],  0, " ('sys_mat_spec_dist', 'random')", $\rho_S$, -0.00299, 0.104, $\tau_K$, -0.0014, 0.0703, " ('sys_mat_spec_dist', 'Wc_spec_dist')", $\rho_S$, 0.992, 0.00293, $\tau_K$, 0.938, 0.013, " ('sys_mat_spec_dist', 'density')", $\rho_S$, 0.994, 0.00266, $\tau_K$, 0.947, 0.0119, " ('Wc_spec_dist', 'density')", $\rho_S$, 0.999, 0.000376, $\tau_K$, 0.984, 0.00377, 
100, adjacency, connected_ER, 20, 0.3, 0.297, 0.0291, zfs_transf, random, [0.297 ± 0.0291, 0.926 ± 0.0121],  0, " ('sys_mat_spec_dist', 'random')", $\rho_S$, -0.00978, 0.101, $\tau_K$, -0.00613, 0.0685, " ('sys_mat_spec_dist', 'Wc_spec_dist')", $\rho_S$, 0.995, 0.0017, $\tau_K$, 0.953, 0.00962, " ('sys_mat_spec_dist', 'density')", $\rho_S$, 0.996, 0.00162, $\tau_K$, 0.958, 0.00902, " ('Wc_spec_dist', 'density')", $\rho_S$, 0.999, 0.000245, $\tau_K$, 0.988, 0.00291, 
100, adjacency, connected_RG, 20, 0.25, 0.182, 0.0273, zfs_transf, random, [0.182 ± 0.0273, 0.913 ± 0.0118],  0, " ('sys_mat_spec_dist', 'random')", $\rho_S$, -0.00404, 0.101, $\tau_K$, -0.00261, 0.0676, " ('sys_mat_spec_dist', 'Wc_spec_dist')", $\rho_S$, 0.981, 0.0138, $\tau_K$, 0.901, 0.0332, " ('sys_mat_spec_dist', 'density')", $\rho_S$, 0.982, 0.0137, $\tau_K$, 0.91, 0.0337, " ('Wc_spec_dist', 'density')", $\rho_S$, 0.999, 0.000273, $\tau_K$, 0.986, 0.00311, 
100, adjacency, BA, 20, 3, 0.289, 1.11e-16, zfs_transf, random, [0.289 ± 1.11e-16, 0.933 ± 0.00848],  0, " ('sys_mat_spec_dist', 'random')", $\rho_S$, 0.000621, 0.0923, $\tau_K$, 0.00113, 0.0622, " ('sys_mat_spec_dist', 'Wc_spec_dist')", $\rho_S$, 0.993, 0.00264, $\tau_K$, 0.94, 0.0124, " ('sys_mat_spec_dist', 'density')", $\rho_S$, 0.994, 0.00241, $\tau_K$, 0.948, 0.0115, " ('Wc_spec_dist', 'density')", $\rho_S$, 0.999, 0.000276, $\tau_K$, 0.986, 0.00283, 
100, adjacency, connected_ER, 20, 0.3, 0.297, 0.0291, zfs_new, random, [0.297 ± 0.0291, 0.926 ± 0.0128],  0, " ('sys_mat_spec_dist', 'random')", $\rho_S$, -0.00906, 0.104, $\tau_K$, -0.00675, 0.071, " ('sys_mat_spec_dist', 'Wc_spec_dist')", $\rho_S$, 0.995, 0.00198, $\tau_K$, 0.953, 0.0104, " ('sys_mat_spec_dist', 'density')", $\rho_S$, 0.996, 0.00189, $\tau_K$, 0.958, 0.0101, " ('Wc_spec_dist', 'density')", $\rho_S$, 0.999, 0.000232, $\tau_K$, 0.987, 0.00278, 
100, adjacency, connected_RG, 20, 0.25, 0.182, 0.0273, zfs_new, random, [0.182 ± 0.0273, 0.914 ± 0.0126],  0, " ('sys_mat_spec_dist', 'random')", $\rho_S$, 0.00286, 0.104, $\tau_K$, 0.00149, 0.0706, " ('sys_mat_spec_dist', 'Wc_spec_dist')", $\rho_S$, 0.981, 0.0122, $\tau_K$, 0.901, 0.032, " ('sys_mat_spec_dist', 'density')", $\rho_S$, 0.983, 0.012, $\tau_K$, 0.911, 0.0326, " ('Wc_spec_dist', 'density')", $\rho_S$, 0.999, 0.000319, $\tau_K$, 0.985, 0.00317, 
100, adjacency, BA, 20, 3, 0.289, 1.11e-16, zfs_new, random, [0.289 ± 1.11e-16, 0.933 ± 0.0103],  0, " ('sys_mat_spec_dist', 'random')", $\rho_S$, 0.00972, 0.0944, $\tau_K$, 0.00626, 0.0629, " ('sys_mat_spec_dist', 'Wc_spec_dist')", $\rho_S$, 0.992, 0.00272, $\tau_K$, 0.938, 0.0121, " ('sys_mat_spec_dist', 'density')", $\rho_S$, 0.993, 0.00244, $\tau_K$, 0.946, 0.0111, " ('Wc_spec_dist', 'density')", $\rho_S$, 0.999, 0.000266, $\tau_K$, 0.984, 0.00286, 
100, neg_laplacian, connected_ER, 20, 0.3, 0.297, 0.0291, identity, random, [0.297 ± 0.0291, 0.926 ± 0.011],  0, " ('sys_mat_spec_dist', 'random')", $\rho_S$, -0.0123, 0.103, $\tau_K$, -0.00786, 0.0691, " ('sys_mat_spec_dist', 'Wc_spec_dist')", $\rho_S$, 0.999, 0.000437, $\tau_K$, 0.98, 0.00433, " ('sys_mat_spec_dist', 'density')", $\rho_S$, 1, 3.87e-05, $\tau_K$, 0.996, 0.000734, " ('Wc_spec_dist', 'density')", $\rho_S$, 0.999, 0.000424, $\tau_K$, 0.984, 0.00398, 
100, neg_laplacian, connected_RG, 20, 0.25, 0.182, 0.0273, identity, random, [0.182 ± 0.0273, 0.913 ± 0.0107],  0, " ('sys_mat_spec_dist', 'random')", $\rho_S$, -0.0107, 0.0976, $\tau_K$, -0.00729, 0.0658, " ('sys_mat_spec_dist', 'Wc_spec_dist')", $\rho_S$, 0.999, 0.000401, $\tau_K$, 0.982, 0.00416, " ('sys_mat_spec_dist', 'density')", $\rho_S$, 1, 2.99e-05, $\tau_K$, 0.997, 0.000599, " ('Wc_spec_dist', 'density')", $\rho_S$, 0.999, 0.000388, $\tau_K$, 0.985, 0.00371, 
100, neg_laplacian, BA, 20, 3, 0.289, 1.11e-16, identity, random, [0.289 ± 1.11e-16, 0.932 ± 0.0102],  0, " ('sys_mat_spec_dist', 'random')", $\rho_S$, 0.0159, 0.103, $\tau_K$, 0.0112, 0.0699, " ('sys_mat_spec_dist', 'Wc_spec_dist')", $\rho_S$, 0.999, 0.00035, $\tau_K$, 0.981, 0.00383, " ('sys_mat_spec_dist', 'density')", $\rho_S$, 1, 3.12e-05, $\tau_K$, 0.997, 0.000567, " ('Wc_spec_dist', 'density')", $\rho_S$, 0.999, 0.000309, $\tau_K$, 0.985, 0.00323, 
100, neg_laplacian, connected_ER, 20, 0.3, 0.297, 0.0291, zfs, random, [0.297 ± 0.0291, 0.926 ± 0.0128],  0, " ('sys_mat_spec_dist', 'random')", $\rho_S$, 0.00537, 0.1, $\tau_K$, 0.00399, 0.0679, " ('sys_mat_spec_dist', 'Wc_spec_dist')", $\rho_S$, 0.993, 0.00221, $\tau_K$, 0.938, 0.0109, " ('sys_mat_spec_dist', 'density')", $\rho_S$, 1, 3.2e-05, $\tau_K$, 0.996, 0.000556, " ('Wc_spec_dist', 'density')", $\rho_S$, 0.993, 0.00219, $\tau_K$, 0.941, 0.0108, 
100, neg_laplacian, connected_RG, 20, 0.25, 0.182, 0.0273, zfs, random, [0.182 ± 0.0273, 0.914 ± 0.0102],  0, " ('sys_mat_spec_dist', 'random')", $\rho_S$, -0.0122, 0.0915, $\tau_K$, -0.00692, 0.0621, " ('sys_mat_spec_dist', 'Wc_spec_dist')", $\rho_S$, 0.992, 0.00305, $\tau_K$, 0.93, 0.0137, " ('sys_mat_spec_dist', 'density')", $\rho_S$, 1, 3.28e-05, $\tau_K$, 0.997, 0.000584, " ('Wc_spec_dist', 'density')", $\rho_S$, 0.992, 0.00304, $\tau_K$, 0.933, 0.0137, 
100, neg_laplacian, BA, 20, 3, 0.289, 1.11e-16, zfs, random, [0.289 ± 1.11e-16, 0.933 ± 0.0103],  0, " ('sys_mat_spec_dist', 'random')", $\rho_S$, -0.0196, 0.1, $\tau_K$, -0.0137, 0.0673, " ('sys_mat_spec_dist', 'Wc_spec_dist')", $\rho_S$, 0.99, 0.00241, $\tau_K$, 0.922, 0.0101, " ('sys_mat_spec_dist', 'density')", $\rho_S$, 1, 3.24e-05, $\tau_K$, 0.996, 0.000585, " ('Wc_spec_dist', 'density')", $\rho_S$, 0.99, 0.00237, $\tau_K$, 0.925, 0.00978, 
100, neg_laplacian, connected_ER, 20, 0.3, 0.297, 0.0291, zfs_transf, random, [0.297 ± 0.0291, 0.926 ± 0.0127],  0, " ('sys_mat_spec_dist', 'random')", $\rho_S$, -0.00588, 0.109, $\tau_K$, -0.00409, 0.0736, " ('sys_mat_spec_dist', 'Wc_spec_dist')", $\rho_S$, 0.998, 0.00117, $\tau_K$, 0.975, 0.00935, " ('sys_mat_spec_dist', 'density')", $\rho_S$, 1, 3.25e-05, $\tau_K$, 0.996, 0.00063, " ('Wc_spec_dist', 'density')", $\rho_S$, 0.998, 0.00115, $\tau_K$, 0.979, 0.00909, 
100, neg_laplacian, connected_RG, 20, 0.25, 0.182, 0.0273, zfs_transf, random, [0.182 ± 0.0273, 0.913 ± 0.0115],  0, " ('sys_mat_spec_dist', 'random')", $\rho_S$, 0.00357, 0.101, $\tau_K$, 0.00263, 0.0682, " ('sys_mat_spec_dist', 'Wc_spec_dist')", $\rho_S$, 0.999, 0.000539, $\tau_K$, 0.979, 0.00478, " ('sys_mat_spec_dist', 'density')", $\rho_S$, 1, 2.72e-05, $\tau_K$, 0.997, 0.000515, " ('Wc_spec_dist', 'density')", $\rho_S$, 0.999, 0.000524, $\tau_K$, 0.982, 0.00458, 
100, neg_laplacian, BA, 20, 3, 0.289, 1.11e-16, zfs_transf, random, [0.289 ± 1.11e-16, 0.933 ± 0.00841],  0, " ('sys_mat_spec_dist', 'random')", $\rho_S$, 0.00543, 0.106, $\tau_K$, 0.00383, 0.072, " ('sys_mat_spec_dist', 'Wc_spec_dist')", $\rho_S$, 0.999, 0.000421, $\tau_K$, 0.984, 0.00546, " ('sys_mat_spec_dist', 'density')", $\rho_S$, 1, 3.43e-05, $\tau_K$, 0.997, 0.000641, " ('Wc_spec_dist', 'density')", $\rho_S$, 0.999, 0.000396, $\tau_K$, 0.987, 0.00513, 
100, neg_laplacian, connected_ER, 20, 0.3, 0.297, 0.0291, zfs_new, random, [0.297 ± 0.0291, 0.925 ± 0.0141],  0, " ('sys_mat_spec_dist', 'random')", $\rho_S$, 0.00166, 0.0997, $\tau_K$, 0.00205, 0.0676, " ('sys_mat_spec_dist', 'Wc_spec_dist')", $\rho_S$, 0.993, 0.00209, $\tau_K$, 0.936, 0.0111, " ('sys_mat_spec_dist', 'density')", $\rho_S$, 1, 4.01e-05, $\tau_K$, 0.996, 0.000675, " ('Wc_spec_dist', 'density')", $\rho_S$, 0.993, 0.00209, $\tau_K$, 0.939, 0.0108, 
100, neg_laplacian, connected_RG, 20, 0.25, 0.182, 0.0273, zfs_new, random, [0.182 ± 0.0273, 0.914 ± 0.0104],  0, " ('sys_mat_spec_dist', 'random')", $\rho_S$, 0.00852, 0.101, $\tau_K$, 0.00539, 0.0679, " ('sys_mat_spec_dist', 'Wc_spec_dist')", $\rho_S$, 0.992, 0.00323, $\tau_K$, 0.931, 0.0136, " ('sys_mat_spec_dist', 'density')", $\rho_S$, 1, 2.72e-05, $\tau_K$, 0.997, 0.000554, " ('Wc_spec_dist', 'density')", $\rho_S$, 0.992, 0.00322, $\tau_K$, 0.934, 0.0136, 
100, neg_laplacian, BA, 20, 3, 0.289, 1.11e-16, zfs_new, random, [0.289 ± 1.11e-16, 0.933 ± 0.00913],  0, " ('sys_mat_spec_dist', 'random')", $\rho_S$, 0.014, 0.09, $\tau_K$, 0.00956, 0.0612, " ('sys_mat_spec_dist', 'Wc_spec_dist')", $\rho_S$, 0.99, 0.00309, $\tau_K$, 0.922, 0.0118, " ('sys_mat_spec_dist', 'density')", $\rho_S$, 1, 3.26e-05, $\tau_K$, 0.996, 0.000591, " ('Wc_spec_dist', 'density')", $\rho_S$, 0.99, 0.00308, $\tau_K$, 0.925, 0.0117, 
100, adjacency, connected_ER, 20, 0.5, 0.503, 0.0317, all_ones, random, [0.503 ± 0.0317, 0.949 ± 0.0128],  0, " ('sys_mat_spec_dist', 'random')", $\rho_S$, 0.0148, 0.106, $\tau_K$, 0.0103, 0.0714, " ('sys_mat_spec_dist', 'Wc_spec_dist')", $\rho_S$, 0.994, 0.00233, $\tau_K$, 0.943, 0.0108, " ('sys_mat_spec_dist', 'density')", $\rho_S$, 0.993, 0.00252, $\tau_K$, 0.943, 0.011, " ('Wc_spec_dist', 'density')", $\rho_S$, 0.999, 0.000185, $\tau_K$, 0.99, 0.00232, 
100, adjacency, connected_RG, 20, 0.5, 0.469, 0.0669, all_ones, random, [0.469 ± 0.0669, 0.944 ± 0.0127],  0, " ('sys_mat_spec_dist', 'random')", $\rho_S$, -0.00207, 0.103, $\tau_K$, -0.00162, 0.0701, " ('sys_mat_spec_dist', 'Wc_spec_dist')", $\rho_S$, 0.902, 0.056, $\tau_K$, 0.758, 0.0703, " ('sys_mat_spec_dist', 'density')", $\rho_S$, 0.905, 0.0555, $\tau_K$, 0.768, 0.0706, " ('Wc_spec_dist', 'density')", $\rho_S$, 0.999, 0.000345, $\tau_K$, 0.986, 0.00377, 
100, adjacency, BA, 20, 5, 0.447, 0, all_ones, random, [0.447 ± 0, 0.95 ± 0.00946],  0, " ('sys_mat_spec_dist', 'random')", $\rho_S$, 0.00528, 0.0969, $\tau_K$, 0.00435, 0.0665, " ('sys_mat_spec_dist', 'Wc_spec_dist')", $\rho_S$, 0.992, 0.00342, $\tau_K$, 0.934, 0.0135, " ('sys_mat_spec_dist', 'density')", $\rho_S$, 0.991, 0.00342, $\tau_K$, 0.935, 0.0128, " ('Wc_spec_dist', 'density')", $\rho_S$, 0.999, 0.000224, $\tau_K$, 0.987, 0.00257, 
100, adjacency, connected_ER, 20, 0.5, 0.503, 0.0317, identity, random, [0.503 ± 0.0317, 0.949 ± 0.0122],  0, " ('sys_mat_spec_dist', 'random')", $\rho_S$, -0.00938, 0.0907, $\tau_K$, -0.00632, 0.0614, " ('sys_mat_spec_dist', 'Wc_spec_dist')", $\rho_S$, 0.994, 0.00213, $\tau_K$, 0.943, 0.00991, " ('sys_mat_spec_dist', 'density')", $\rho_S$, 0.993, 0.00241, $\tau_K$, 0.942, 0.0103, " ('Wc_spec_dist', 'density')", $\rho_S$, 0.999, 0.000268, $\tau_K$, 0.989, 0.00296, 
100, adjacency, connected_RG, 20, 0.5, 0.469, 0.0669, identity, random, [0.469 ± 0.0669, 0.944 ± 0.0129],  0, " ('sys_mat_spec_dist', 'random')", $\rho_S$, 0.00208, 0.099, $\tau_K$, 0.00107, 0.0673, " ('sys_mat_spec_dist', 'Wc_spec_dist')", $\rho_S$, 0.905, 0.0524, $\tau_K$, 0.761, 0.0697, " ('sys_mat_spec_dist', 'density')", $\rho_S$, 0.908, 0.052, $\tau_K$, 0.771, 0.0699, " ('Wc_spec_dist', 'density')", $\rho_S$, 0.999, 0.000368, $\tau_K$, 0.985, 0.00361, 
100, adjacency, BA, 20, 5, 0.447, 0, identity, random, [0.447 ± 0, 0.948 ± 0.0113],  0, " ('sys_mat_spec_dist', 'random')", $\rho_S$, -0.0038, 0.0973, $\tau_K$, -0.00233, 0.0645, " ('sys_mat_spec_dist', 'Wc_spec_dist')", $\rho_S$, 0.992, 0.00311, $\tau_K$, 0.935, 0.0119, " ('sys_mat_spec_dist', 'density')", $\rho_S$, 0.991, 0.00324, $\tau_K$, 0.936, 0.0123, " ('Wc_spec_dist', 'density')", $\rho_S$, 0.999, 0.00023, $\tau_K$, 0.987, 0.00247, 
100, adjacency, connected_ER, 20, 0.5, 0.503, 0.0317, zfs, random, [0.503 ± 0.0317, 0.948 ± 0.0122],  0, " ('sys_mat_spec_dist', 'random')", $\rho_S$, 0.0081, 0.0986, $\tau_K$, 0.00613, 0.0667, " ('sys_mat_spec_dist', 'Wc_spec_dist')", $\rho_S$, 0.994, 0.00248, $\tau_K$, 0.943, 0.0113, " ('sys_mat_spec_dist', 'density')", $\rho_S$, 0.993, 0.0025, $\tau_K$, 0.943, 0.0109, " ('Wc_spec_dist', 'density')", $\rho_S$, 0.999, 0.000219, $\tau_K$, 0.989, 0.00256, 
100, adjacency, connected_RG, 20, 0.5, 0.469, 0.0669, zfs, random, [0.469 ± 0.0669, 0.944 ± 0.0129],  0, " ('sys_mat_spec_dist', 'random')", $\rho_S$, 0.0025, 0.0902, $\tau_K$, 0.00139, 0.0604, " ('sys_mat_spec_dist', 'Wc_spec_dist')", $\rho_S$, 0.903, 0.058, $\tau_K$, 0.76, 0.0747, " ('sys_mat_spec_dist', 'density')", $\rho_S$, 0.906, 0.0572, $\tau_K$, 0.77, 0.0743, " ('Wc_spec_dist', 'density')", $\rho_S$, 0.999, 0.000347, $\tau_K$, 0.986, 0.00357, 
100, adjacency, BA, 20, 5, 0.447, 0, zfs, random, [0.447 ± 0, 0.95 ± 0.0089],  0, " ('sys_mat_spec_dist', 'random')", $\rho_S$, 0.0115, 0.0903, $\tau_K$, 0.00812, 0.0603, " ('sys_mat_spec_dist', 'Wc_spec_dist')", $\rho_S$, 0.991, 0.00317, $\tau_K$, 0.933, 0.0127, " ('sys_mat_spec_dist', 'density')", $\rho_S$, 0.991, 0.0032, $\tau_K$, 0.935, 0.0121, " ('Wc_spec_dist', 'density')", $\rho_S$, 0.999, 0.000255, $\tau_K$, 0.985, 0.00267, 
100, adjacency, connected_ER, 20, 0.5, 0.503, 0.0317, zfs_transf, random, [0.503 ± 0.0317, 0.948 ± 0.0121],  0, " ('sys_mat_spec_dist', 'random')", $\rho_S$, 0.00579, 0.102, $\tau_K$, 0.00344, 0.069, " ('sys_mat_spec_dist', 'Wc_spec_dist')", $\rho_S$, 0.993, 0.00229, $\tau_K$, 0.942, 0.00973, " ('sys_mat_spec_dist', 'density')", $\rho_S$, 0.993, 0.00243, $\tau_K$, 0.941, 0.00987, " ('Wc_spec_dist', 'density')", $\rho_S$, 0.999, 0.00021, $\tau_K$, 0.989, 0.00253, 
100, adjacency, connected_RG, 20, 0.5, 0.469, 0.0669, zfs_transf, random, [0.469 ± 0.0669, 0.944 ± 0.0131],  0, " ('sys_mat_spec_dist', 'random')", $\rho_S$, -0.00353, 0.104, $\tau_K$, -0.0028, 0.0693, " ('sys_mat_spec_dist', 'Wc_spec_dist')", $\rho_S$, 0.906, 0.0488, $\tau_K$, 0.762, 0.0657, " ('sys_mat_spec_dist', 'density')", $\rho_S$, 0.909, 0.0481, $\tau_K$, 0.773, 0.0655, " ('Wc_spec_dist', 'density')", $\rho_S$, 0.999, 0.000363, $\tau_K$, 0.985, 0.00366, 
100, adjacency, BA, 20, 5, 0.447, 0, zfs_transf, random, [0.447 ± 0, 0.95 ± 0.00957],  0, " ('sys_mat_spec_dist', 'random')", $\rho_S$, 0.00491, 0.101, $\tau_K$, 0.00298, 0.0682, " ('sys_mat_spec_dist', 'Wc_spec_dist')", $\rho_S$, 0.992, 0.00283, $\tau_K$, 0.936, 0.0119, " ('sys_mat_spec_dist', 'density')", $\rho_S$, 0.992, 0.00277, $\tau_K$, 0.938, 0.011, " ('Wc_spec_dist', 'density')", $\rho_S$, 0.999, 0.000252, $\tau_K$, 0.987, 0.00251, 
100, adjacency, connected_ER, 20, 0.5, 0.503, 0.0317, zfs_new, random, [0.503 ± 0.0317, 0.949 ± 0.0128],  0, " ('sys_mat_spec_dist', 'random')", $\rho_S$, -0.0112, 0.0983, $\tau_K$, -0.00801, 0.0667, " ('sys_mat_spec_dist', 'Wc_spec_dist')", $\rho_S$, 0.994, 0.00182, $\tau_K$, 0.944, 0.00901, " ('sys_mat_spec_dist', 'density')", $\rho_S$, 0.993, 0.00196, $\tau_K$, 0.944, 0.00911, " ('Wc_spec_dist', 'density')", $\rho_S$, 0.999, 0.000225, $\tau_K$, 0.989, 0.00267, 
100, adjacency, connected_RG, 20, 0.5, 0.469, 0.0669, zfs_new, random, [0.469 ± 0.0669, 0.944 ± 0.0132],  0, " ('sys_mat_spec_dist', 'random')", $\rho_S$, -0.00198, 0.103, $\tau_K$, -0.00181, 0.0697, " ('sys_mat_spec_dist', 'Wc_spec_dist')", $\rho_S$, 0.903, 0.0542, $\tau_K$, 0.759, 0.0696, " ('sys_mat_spec_dist', 'density')", $\rho_S$, 0.906, 0.0535, $\tau_K$, 0.769, 0.0697, " ('Wc_spec_dist', 'density')", $\rho_S$, 0.999, 0.000354, $\tau_K$, 0.985, 0.00363, 
100, adjacency, BA, 20, 5, 0.447, 0, zfs_new, random, [0.447 ± 0, 0.949 ± 0.00943],  0, " ('sys_mat_spec_dist', 'random')", $\rho_S$, -0.00332, 0.0931, $\tau_K$, -0.00193, 0.0633, " ('sys_mat_spec_dist', 'Wc_spec_dist')", $\rho_S$, 0.992, 0.00303, $\tau_K$, 0.935, 0.0126, " ('sys_mat_spec_dist', 'density')", $\rho_S$, 0.992, 0.0029, $\tau_K$, 0.936, 0.0118, " ('Wc_spec_dist', 'density')", $\rho_S$, 0.999, 0.000245, $\tau_K$, 0.985, 0.00273, 
100, neg_laplacian, connected_ER, 20, 0.5, 0.503, 0.0317, identity, random, [0.503 ± 0.0317, 0.949 ± 0.0111],  0, " ('sys_mat_spec_dist', 'random')", $\rho_S$, 0.0199, 0.0979, $\tau_K$, 0.0125, 0.0655, " ('sys_mat_spec_dist', 'Wc_spec_dist')", $\rho_S$, 0.999, 0.000399, $\tau_K$, 0.98, 0.00413, " ('sys_mat_spec_dist', 'density')", $\rho_S$, 1, 5.9e-05, $\tau_K$, 0.995, 0.000914, " ('Wc_spec_dist', 'density')", $\rho_S$, 0.999, 0.000404, $\tau_K$, 0.986, 0.00413, 
100, neg_laplacian, connected_RG, 20, 0.5, 0.469, 0.0669, identity, random, [0.469 ± 0.0669, 0.944 ± 0.0124],  0, " ('sys_mat_spec_dist', 'random')", $\rho_S$, -0.00787, 0.0872, $\tau_K$, -0.00478, 0.0587, " ('sys_mat_spec_dist', 'Wc_spec_dist')", $\rho_S$, 0.998, 0.000769, $\tau_K$, 0.977, 0.00628, " ('sys_mat_spec_dist', 'density')", $\rho_S$, 1, 6.32e-05, $\tau_K$, 0.995, 0.0011, " ('Wc_spec_dist', 'density')", $\rho_S$, 0.999, 0.0007, $\tau_K$, 0.982, 0.00524, 
100, neg_laplacian, BA, 20, 5, 0.447, 0, identity, random, [0.447 ± 0, 0.949 ± 0.00964],  0, " ('sys_mat_spec_dist', 'random')", $\rho_S$, -0.00368, 0.0983, $\tau_K$, -0.00222, 0.0673, " ('sys_mat_spec_dist', 'Wc_spec_dist')", $\rho_S$, 0.999, 0.000288, $\tau_K$, 0.981, 0.00329, " ('sys_mat_spec_dist', 'density')", $\rho_S$, 1, 4.1e-05, $\tau_K$, 0.995, 0.000703, " ('Wc_spec_dist', 'density')", $\rho_S$, 0.999, 0.000244, $\tau_K$, 0.985, 0.00265, 
100, neg_laplacian, connected_ER, 20, 0.5, 0.503, 0.0317, zfs, random, [0.503 ± 0.0317, 0.949 ± 0.0118],  0, " ('sys_mat_spec_dist', 'random')", $\rho_S$, -0.0123, 0.102, $\tau_K$, -0.00887, 0.0688, " ('sys_mat_spec_dist', 'Wc_spec_dist')", $\rho_S$, 0.995, 0.00152, $\tau_K$, 0.951, 0.0089, " ('sys_mat_spec_dist', 'density')", $\rho_S$, 1, 6.26e-05, $\tau_K$, 0.995, 0.000888, " ('Wc_spec_dist', 'density')", $\rho_S$, 0.996, 0.00147, $\tau_K$, 0.956, 0.00847, 
100, neg_laplacian, connected_RG, 20, 0.5, 0.469, 0.0669, zfs, random, [0.469 ± 0.0669, 0.944 ± 0.0133],  0, " ('sys_mat_spec_dist', 'random')", $\rho_S$, -0.00858, 0.0981, $\tau_K$, -0.00596, 0.0656, " ('sys_mat_spec_dist', 'Wc_spec_dist')", $\rho_S$, 0.994, 0.00243, $\tau_K$, 0.944, 0.012, " ('sys_mat_spec_dist', 'density')", $\rho_S$, 1, 6.57e-05, $\tau_K$, 0.995, 0.00109, " ('Wc_spec_dist', 'density')", $\rho_S$, 0.994, 0.00238, $\tau_K$, 0.949, 0.0118, 
100, neg_laplacian, BA, 20, 5, 0.447, 0, zfs, random, [0.447 ± 0, 0.95 ± 0.00885],  0, " ('sys_mat_spec_dist', 'random')", $\rho_S$, 0.00104, 0.107, $\tau_K$, 0.00123, 0.0731, " ('sys_mat_spec_dist', 'Wc_spec_dist')", $\rho_S$, 0.992, 0.00238, $\tau_K$, 0.929, 0.0111, " ('sys_mat_spec_dist', 'density')", $\rho_S$, 1, 3.98e-05, $\tau_K$, 0.995, 0.000665, " ('Wc_spec_dist', 'density')", $\rho_S$, 0.992, 0.00235, $\tau_K$, 0.934, 0.0109, 
100, neg_laplacian, connected_ER, 20, 0.5, 0.503, 0.0317, zfs_transf, random, [0.503 ± 0.0317, 0.949 ± 0.0118],  0, " ('sys_mat_spec_dist', 'random')", $\rho_S$, 0.00963, 0.0986, $\tau_K$, 0.00665, 0.0672, " ('sys_mat_spec_dist', 'Wc_spec_dist')", $\rho_S$, 0.999, 0.000888, $\tau_K$, 0.979, 0.00775, " ('sys_mat_spec_dist', 'density')", $\rho_S$, 1, 5.07e-05, $\tau_K$, 0.995, 0.00082, " ('Wc_spec_dist', 'density')", $\rho_S$, 0.999, 0.000856, $\tau_K$, 0.984, 0.00755, 
100, neg_laplacian, connected_RG, 20, 0.5, 0.469, 0.0669, zfs_transf, random, [0.469 ± 0.0669, 0.945 ± 0.0123],  0, " ('sys_mat_spec_dist', 'random')", $\rho_S$, 0.0131, 0.103, $\tau_K$, 0.00936, 0.0701, " ('sys_mat_spec_dist', 'Wc_spec_dist')", $\rho_S$, 0.998, 0.00143, $\tau_K$, 0.974, 0.00939, " ('sys_mat_spec_dist', 'density')", $\rho_S$, 1, 6.4e-05, $\tau_K$, 0.995, 0.00109, " ('Wc_spec_dist', 'density')", $\rho_S$, 0.998, 0.00139, $\tau_K$, 0.98, 0.00905, 
100, neg_laplacian, BA, 20, 5, 0.447, 0, zfs_transf, random, [0.447 ± 0, 0.949 ± 0.01],  0, " ('sys_mat_spec_dist', 'random')", $\rho_S$, -0.00472, 0.0947, $\tau_K$, -0.00312, 0.0639, " ('sys_mat_spec_dist', 'Wc_spec_dist')", $\rho_S$, 0.999, 0.00037, $\tau_K$, 0.985, 0.00425, " ('sys_mat_spec_dist', 'density')", $\rho_S$, 1, 4.97e-05, $\tau_K$, 0.995, 0.000746, " ('Wc_spec_dist', 'density')", $\rho_S$, 1, 0.000328, $\tau_K$, 0.991, 0.00373, 
100, neg_laplacian, connected_ER, 20, 0.5, 0.503, 0.0317, zfs_new, random, [0.503 ± 0.0317, 0.949 ± 0.0124],  0, " ('sys_mat_spec_dist', 'random')", $\rho_S$, 0.00539, 0.0949, $\tau_K$, 0.00408, 0.0642, " ('sys_mat_spec_dist', 'Wc_spec_dist')", $\rho_S$, 0.995, 0.00147, $\tau_K$, 0.95, 0.00912, " ('sys_mat_spec_dist', 'density')", $\rho_S$, 1, 4.98e-05, $\tau_K$, 0.995, 0.000851, " ('Wc_spec_dist', 'density')", $\rho_S$, 0.996, 0.00144, $\tau_K$, 0.955, 0.00885, 
100, neg_laplacian, connected_RG, 20, 0.5, 0.469, 0.0669, zfs_new, random, [0.469 ± 0.0669, 0.945 ± 0.0124],  0, " ('sys_mat_spec_dist', 'random')", $\rho_S$, -0.0177, 0.107, $\tau_K$, -0.0125, 0.0723, " ('sys_mat_spec_dist', 'Wc_spec_dist')", $\rho_S$, 0.995, 0.00191, $\tau_K$, 0.946, 0.0107, " ('sys_mat_spec_dist', 'density')", $\rho_S$, 1, 6.44e-05, $\tau_K$, 0.995, 0.0011, " ('Wc_spec_dist', 'density')", $\rho_S$, 0.995, 0.00189, $\tau_K$, 0.951, 0.0106, 
100, neg_laplacian, BA, 20, 5, 0.447, 0, zfs_new, random, [0.447 ± 0, 0.949 ± 0.00972],  0, " ('sys_mat_spec_dist', 'random')", $\rho_S$, 0.000543, 0.103, $\tau_K$, -0.000197, 0.0692, " ('sys_mat_spec_dist', 'Wc_spec_dist')", $\rho_S$, 0.992, 0.00234, $\tau_K$, 0.929, 0.0106, " ('sys_mat_spec_dist', 'density')", $\rho_S$, 1, 4.34e-05, $\tau_K$, 0.995, 0.000645, " ('Wc_spec_dist', 'density')", $\rho_S$, 0.992, 0.00232, $\tau_K$, 0.934, 0.0105, 
100, adjacency, connected_ER, 20, 0.7, 0.701, 0.0353, all_ones, random, [0.701 ± 0.0353, 0.97 ± 0.0111],  0, " ('sys_mat_spec_dist', 'random')", $\rho_S$, 0.00599, 0.109, $\tau_K$, 0.00417, 0.0735, " ('sys_mat_spec_dist', 'Wc_spec_dist')", $\rho_S$, 0.995, 0.00172, $\tau_K$, 0.948, 0.00897, " ('sys_mat_spec_dist', 'density')", $\rho_S$, 0.994, 0.00205, $\tau_K$, 0.946, 0.00933, " ('Wc_spec_dist', 'density')", $\rho_S$, 0.999, 0.000181, $\tau_K$, 0.989, 0.00185, 
100, adjacency, connected_RG, 20, 0.75, 0.804, 0.0601, all_ones, random, [0.804 ± 0.0601, 0.98 ± 0.0101],  0, " ('sys_mat_spec_dist', 'random')", $\rho_S$, -0.00179, 0.107, $\tau_K$, -0.000673, 0.072, " ('sys_mat_spec_dist', 'Wc_spec_dist')", $\rho_S$, 0.96, 0.0354, $\tau_K$, 0.852, 0.0592, " ('sys_mat_spec_dist', 'density')", $\rho_S$, 0.961, 0.0332, $\tau_K$, 0.864, 0.0561, " ('Wc_spec_dist', 'density')", $\rho_S$, 0.999, 0.000996, $\tau_K$, 0.982, 0.00686, 
100, adjacency, BA, 20, 8, 0.653, 2.22e-16, all_ones, random, [0.653 ± 2.22e-16, 0.97 ± 0.00793],  0, " ('sys_mat_spec_dist', 'random')", $\rho_S$, -0.00277, 0.101, $\tau_K$, -0.00276, 0.0673, " ('sys_mat_spec_dist', 'Wc_spec_dist')", $\rho_S$, 0.993, 0.00174, $\tau_K$, 0.937, 0.0082, " ('sys_mat_spec_dist', 'density')", $\rho_S$, 0.992, 0.00193, $\tau_K$, 0.936, 0.00802, " ('Wc_spec_dist', 'density')", $\rho_S$, 0.999, 0.000176, $\tau_K$, 0.988, 0.0019, 
100, adjacency, connected_ER, 20, 0.7, 0.701, 0.0353, identity, random, [0.701 ± 0.0353, 0.97 ± 0.0109],  0, " ('sys_mat_spec_dist', 'random')", $\rho_S$, -0.00649, 0.0891, $\tau_K$, -0.00405, 0.0603, " ('sys_mat_spec_dist', 'Wc_spec_dist')", $\rho_S$, 0.995, 0.0018, $\tau_K$, 0.947, 0.0098, " ('sys_mat_spec_dist', 'density')", $\rho_S$, 0.994, 0.00196, $\tau_K$, 0.946, 0.00942, " ('Wc_spec_dist', 'density')", $\rho_S$, 0.999, 0.000173, $\tau_K$, 0.988, 0.00191, 
100, adjacency, connected_RG, 20, 0.75, 0.804, 0.0601, identity, random, [0.804 ± 0.0601, 0.98 ± 0.0101],  0, " ('sys_mat_spec_dist', 'random')", $\rho_S$, -0.0105, 0.101, $\tau_K$, -0.00723, 0.0685, " ('sys_mat_spec_dist', 'Wc_spec_dist')", $\rho_S$, 0.958, 0.0418, $\tau_K$, 0.85, 0.0678, " ('sys_mat_spec_dist', 'density')", $\rho_S$, 0.96, 0.0394, $\tau_K$, 0.862, 0.0642, " ('Wc_spec_dist', 'density')", $\rho_S$, 0.999, 0.00099, $\tau_K$, 0.982, 0.0069, 
100, adjacency, BA, 20, 8, 0.653, 2.22e-16, identity, random, [0.653 ± 2.22e-16, 0.97 ± 0.00762],  0, " ('sys_mat_spec_dist', 'random')", $\rho_S$, -0.00754, 0.103, $\tau_K$, -0.00506, 0.0694, " ('sys_mat_spec_dist', 'Wc_spec_dist')", $\rho_S$, 0.992, 0.00251, $\tau_K$, 0.936, 0.0113, " ('sys_mat_spec_dist', 'density')", $\rho_S$, 0.991, 0.00294, $\tau_K$, 0.934, 0.0116, " ('Wc_spec_dist', 'density')", $\rho_S$, 0.999, 0.000214, $\tau_K$, 0.988, 0.00211, 
100, adjacency, connected_ER, 20, 0.7, 0.701, 0.0353, zfs, random, [0.701 ± 0.0353, 0.969 ± 0.011],  0, " ('sys_mat_spec_dist', 'random')", $\rho_S$, 0.00798, 0.0937, $\tau_K$, 0.00525, 0.0632, " ('sys_mat_spec_dist', 'Wc_spec_dist')", $\rho_S$, 0.995, 0.00162, $\tau_K$, 0.947, 0.00903, " ('sys_mat_spec_dist', 'density')", $\rho_S$, 0.994, 0.00195, $\tau_K$, 0.946, 0.00932, " ('Wc_spec_dist', 'density')", $\rho_S$, 0.999, 0.000157, $\tau_K$, 0.989, 0.00181, 
100, adjacency, connected_RG, 20, 0.75, 0.804, 0.0601, zfs, random, [0.804 ± 0.0601, 0.98 ± 0.00993],  0, " ('sys_mat_spec_dist', 'random')", $\rho_S$, -0.00581, 0.103, $\tau_K$, -0.00453, 0.0693, " ('sys_mat_spec_dist', 'Wc_spec_dist')", $\rho_S$, 0.957, 0.0411, $\tau_K$, 0.848, 0.0669, " ('sys_mat_spec_dist', 'density')", $\rho_S$, 0.959, 0.039, $\tau_K$, 0.861, 0.064, " ('Wc_spec_dist', 'density')", $\rho_S$, 0.999, 0.00106, $\tau_K$, 0.982, 0.00731, 
100, adjacency, BA, 20, 8, 0.653, 2.22e-16, zfs, random, [0.653 ± 2.22e-16, 0.97 ± 0.00747],  0, " ('sys_mat_spec_dist', 'random')", $\rho_S$, -0.0122, 0.108, $\tau_K$, -0.00887, 0.0731, " ('sys_mat_spec_dist', 'Wc_spec_dist')", $\rho_S$, 0.992, 0.00279, $\tau_K$, 0.936, 0.0114, " ('sys_mat_spec_dist', 'density')", $\rho_S$, 0.991, 0.00333, $\tau_K$, 0.933, 0.0124, " ('Wc_spec_dist', 'density')", $\rho_S$, 0.999, 0.000224, $\tau_K$, 0.987, 0.0023, 
100, adjacency, connected_ER, 20, 0.7, 0.701, 0.0353, zfs_transf, random, [0.701 ± 0.0353, 0.97 ± 0.0112],  0, " ('sys_mat_spec_dist', 'random')", $\rho_S$, -0.00108, 0.0999, $\tau_K$, -0.000336, 0.0672, " ('sys_mat_spec_dist', 'Wc_spec_dist')", $\rho_S$, 0.995, 0.00165, $\tau_K$, 0.947, 0.00856, " ('sys_mat_spec_dist', 'density')", $\rho_S$, 0.994, 0.00183, $\tau_K$, 0.946, 0.00874, " ('Wc_spec_dist', 'density')", $\rho_S$, 0.999, 0.000137, $\tau_K$, 0.989, 0.0016, 
100, adjacency, connected_RG, 20, 0.75, 0.804, 0.0601, zfs_transf, random, [0.804 ± 0.0601, 0.98 ± 0.00991],  0, " ('sys_mat_spec_dist', 'random')", $\rho_S$, -0.00491, 0.1, $\tau_K$, -0.00295, 0.0678, " ('sys_mat_spec_dist', 'Wc_spec_dist')", $\rho_S$, 0.96, 0.035, $\tau_K$, 0.853, 0.0579, " ('sys_mat_spec_dist', 'density')", $\rho_S$, 0.962, 0.0331, $\tau_K$, 0.865, 0.0546, " ('Wc_spec_dist', 'density')", $\rho_S$, 0.999, 0.00101, $\tau_K$, 0.982, 0.00694, 
100, adjacency, BA, 20, 8, 0.653, 2.22e-16, zfs_transf, random, [0.653 ± 2.22e-16, 0.97 ± 0.0079],  0, " ('sys_mat_spec_dist', 'random')", $\rho_S$, 0.0204, 0.0943, $\tau_K$, 0.0135, 0.0632, " ('sys_mat_spec_dist', 'Wc_spec_dist')", $\rho_S$, 0.993, 0.00232, $\tau_K$, 0.937, 0.01, " ('sys_mat_spec_dist', 'density')", $\rho_S$, 0.991, 0.00256, $\tau_K$, 0.935, 0.01, " ('Wc_spec_dist', 'density')", $\rho_S$, 0.999, 0.000186, $\tau_K$, 0.988, 0.00204, 
100, adjacency, connected_ER, 20, 0.7, 0.701, 0.0353, zfs_new, random, [0.701 ± 0.0353, 0.97 ± 0.011],  0, " ('sys_mat_spec_dist', 'random')", $\rho_S$, 0.0149, 0.0966, $\tau_K$, 0.01, 0.0648, " ('sys_mat_spec_dist', 'Wc_spec_dist')", $\rho_S$, 0.995, 0.00153, $\tau_K$, 0.947, 0.00846, " ('sys_mat_spec_dist', 'density')", $\rho_S$, 0.994, 0.00186, $\tau_K$, 0.947, 0.00901, " ('Wc_spec_dist', 'density')", $\rho_S$, 0.999, 0.000205, $\tau_K$, 0.988, 0.00231, 
100, adjacency, connected_RG, 20, 0.75, 0.804, 0.0601, zfs_new, random, [0.804 ± 0.0601, 0.98 ± 0.00974],  0, " ('sys_mat_spec_dist', 'random')", $\rho_S$, 0.00598, 0.103, $\tau_K$, 0.0034, 0.0695, " ('sys_mat_spec_dist', 'Wc_spec_dist')", $\rho_S$, 0.958, 0.0392, $\tau_K$, 0.85, 0.0651, " ('sys_mat_spec_dist', 'density')", $\rho_S$, 0.96, 0.0372, $\tau_K$, 0.861, 0.0622, " ('Wc_spec_dist', 'density')", $\rho_S$, 0.999, 0.000958, $\tau_K$, 0.982, 0.00669, 
100, adjacency, BA, 20, 8, 0.653, 2.22e-16, zfs_new, random, [0.653 ± 2.22e-16, 0.971 ± 0.00781],  0, " ('sys_mat_spec_dist', 'random')", $\rho_S$, 0.0197, 0.109, $\tau_K$, 0.0142, 0.0725, " ('sys_mat_spec_dist', 'Wc_spec_dist')", $\rho_S$, 0.993, 0.00221, $\tau_K$, 0.937, 0.00973, " ('sys_mat_spec_dist', 'density')", $\rho_S$, 0.991, 0.00256, $\tau_K$, 0.935, 0.00988, " ('Wc_spec_dist', 'density')", $\rho_S$, 0.999, 0.000222, $\tau_K$, 0.987, 0.00235, 
100, neg_laplacian, connected_ER, 20, 0.7, 0.701, 0.0353, identity, random, [0.701 ± 0.0353, 0.969 ± 0.0117],  0, " ('sys_mat_spec_dist', 'random')", $\rho_S$, 0.012, 0.107, $\tau_K$, 0.00828, 0.072, " ('sys_mat_spec_dist', 'Wc_spec_dist')", $\rho_S$, 0.999, 0.000419, $\tau_K$, 0.977, 0.00405, " ('sys_mat_spec_dist', 'density')", $\rho_S$, 1, 0.000153, $\tau_K$, 0.99, 0.00169, " ('Wc_spec_dist', 'density')", $\rho_S$, 0.999, 0.000301, $\tau_K$, 0.987, 0.00279, 
100, neg_laplacian, connected_RG, 20, 0.75, 0.804, 0.0601, identity, random, [0.804 ± 0.0601, 0.98 ± 0.00974],  0, " ('sys_mat_spec_dist', 'random')", $\rho_S$, -0.0105, 0.106, $\tau_K$, -0.0077, 0.0722, " ('sys_mat_spec_dist', 'Wc_spec_dist')", $\rho_S$, 0.997, 0.00209, $\tau_K$, 0.964, 0.0139, " ('sys_mat_spec_dist', 'density')", $\rho_S$, 0.999, 0.00114, $\tau_K$, 0.984, 0.00774, " ('Wc_spec_dist', 'density')", $\rho_S$, 0.998, 0.0011, $\tau_K$, 0.98, 0.00716, 
100, neg_laplacian, BA, 20, 8, 0.653, 2.22e-16, identity, random, [0.653 ± 2.22e-16, 0.971 ± 0.00756],  0, " ('sys_mat_spec_dist', 'random')", $\rho_S$, 0.0274, 0.099, $\tau_K$, 0.0174, 0.0676, " ('sys_mat_spec_dist', 'Wc_spec_dist')", $\rho_S$, 0.999, 0.000295, $\tau_K$, 0.978, 0.00321, " ('sys_mat_spec_dist', 'density')", $\rho_S$, 1, 5.89e-05, $\tau_K$, 0.992, 0.00086, " ('Wc_spec_dist', 'density')", $\rho_S$, 0.999, 0.000233, $\tau_K$, 0.986, 0.00233, 
100, neg_laplacian, connected_ER, 20, 0.7, 0.701, 0.0353, zfs, random, [0.701 ± 0.0353, 0.97 ± 0.0109],  0, " ('sys_mat_spec_dist', 'random')", $\rho_S$, -0.0143, 0.103, $\tau_K$, -0.00976, 0.0688, " ('sys_mat_spec_dist', 'Wc_spec_dist')", $\rho_S$, 0.996, 0.00126, $\tau_K$, 0.952, 0.00773, " ('sys_mat_spec_dist', 'density')", $\rho_S$, 1, 0.000132, $\tau_K$, 0.991, 0.00171, " ('Wc_spec_dist', 'density')", $\rho_S$, 0.996, 0.00121, $\tau_K$, 0.961, 0.00739, 
100, neg_laplacian, connected_RG, 20, 0.75, 0.804, 0.0601, zfs, random, [0.804 ± 0.0601, 0.98 ± 0.00985],  0, " ('sys_mat_spec_dist', 'random')", $\rho_S$, 0.00759, 0.0825, $\tau_K$, 0.00532, 0.0558, " ('sys_mat_spec_dist', 'Wc_spec_dist')", $\rho_S$, 0.993, 0.00446, $\tau_K$, 0.938, 0.0205, " ('sys_mat_spec_dist', 'density')", $\rho_S$, 0.999, 0.00129, $\tau_K$, 0.984, 0.00843, " ('Wc_spec_dist', 'density')", $\rho_S$, 0.994, 0.00388, $\tau_K$, 0.953, 0.0173, 
100, neg_laplacian, BA, 20, 8, 0.653, 2.22e-16, zfs, random, [0.653 ± 2.22e-16, 0.97 ± 0.00782],  0, " ('sys_mat_spec_dist', 'random')", $\rho_S$, 0.0064, 0.104, $\tau_K$, 0.00421, 0.0705, " ('sys_mat_spec_dist', 'Wc_spec_dist')", $\rho_S$, 0.991, 0.00297, $\tau_K$, 0.929, 0.0129, " ('sys_mat_spec_dist', 'density')", $\rho_S$, 1, 7.86e-05, $\tau_K$, 0.992, 0.000979, " ('Wc_spec_dist', 'density')", $\rho_S$, 0.992, 0.00288, $\tau_K$, 0.936, 0.0123, 
100, neg_laplacian, connected_ER, 20, 0.7, 0.701, 0.0353, zfs_transf, random, [0.701 ± 0.0353, 0.97 ± 0.011],  0, " ('sys_mat_spec_dist', 'random')", $\rho_S$, -0.0188, 0.094, $\tau_K$, -0.0129, 0.0627, " ('sys_mat_spec_dist', 'Wc_spec_dist')", $\rho_S$, 0.999, 0.000549, $\tau_K$, 0.977, 0.00576, " ('sys_mat_spec_dist', 'density')", $\rho_S$, 1, 0.000118, $\tau_K$, 0.991, 0.00155, " ('Wc_spec_dist', 'density')", $\rho_S$, 0.999, 0.000496, $\tau_K$, 0.986, 0.00476, 
100, neg_laplacian, connected_RG, 20, 0.75, 0.804, 0.0601, zfs_transf, random, [0.804 ± 0.0601, 0.98 ± 0.00986],  0, " ('sys_mat_spec_dist', 'random')", $\rho_S$, -0.0128, 0.103, $\tau_K$, -0.00917, 0.0705, " ('sys_mat_spec_dist', 'Wc_spec_dist')", $\rho_S$, 0.997, 0.00209, $\tau_K$, 0.962, 0.0145, " ('sys_mat_spec_dist', 'density')", $\rho_S$, 0.999, 0.00103, $\tau_K$, 0.984, 0.00746, " ('Wc_spec_dist', 'density')", $\rho_S$, 0.998, 0.00118, $\tau_K$, 0.978, 0.00802, 
100, neg_laplacian, BA, 20, 8, 0.653, 2.22e-16, zfs_transf, random, [0.653 ± 2.22e-16, 0.97 ± 0.00769],  0, " ('sys_mat_spec_dist', 'random')", $\rho_S$, 0.000278, 0.105, $\tau_K$, -0.000626, 0.0708, " ('sys_mat_spec_dist', 'Wc_spec_dist')", $\rho_S$, 0.999, 0.000336, $\tau_K$, 0.982, 0.004, " ('sys_mat_spec_dist', 'density')", $\rho_S$, 1, 7.93e-05, $\tau_K$, 0.992, 0.000967, " ('Wc_spec_dist', 'density')", $\rho_S$, 0.999, 0.000248, $\tau_K$, 0.989, 0.00296, 
100, neg_laplacian, connected_ER, 20, 0.7, 0.701, 0.0353, zfs_new, random, [0.701 ± 0.0353, 0.97 ± 0.0112],  0, " ('sys_mat_spec_dist', 'random')", $\rho_S$, 0.00149, 0.0972, $\tau_K$, 0.000714, 0.0651, " ('sys_mat_spec_dist', 'Wc_spec_dist')", $\rho_S$, 0.996, 0.00153, $\tau_K$, 0.951, 0.00843, " ('sys_mat_spec_dist', 'density')", $\rho_S$, 1, 0.00013, $\tau_K$, 0.991, 0.00163, " ('Wc_spec_dist', 'density')", $\rho_S$, 0.996, 0.00146, $\tau_K$, 0.961, 0.00803, 
100, neg_laplacian, connected_RG, 20, 0.75, 0.804, 0.0601, zfs_new, random, [0.804 ± 0.0601, 0.98 ± 0.00995],  0, " ('sys_mat_spec_dist', 'random')", $\rho_S$, 0.00415, 0.0969, $\tau_K$, 0.00238, 0.065, " ('sys_mat_spec_dist', 'Wc_spec_dist')", $\rho_S$, 0.993, 0.00428, $\tau_K$, 0.937, 0.0195, " ('sys_mat_spec_dist', 'density')", $\rho_S$, 0.999, 0.001, $\tau_K$, 0.984, 0.00747, " ('Wc_spec_dist', 'density')", $\rho_S$, 0.994, 0.00363, $\tau_K$, 0.953, 0.0162, 
100, neg_laplacian, BA, 20, 8, 0.653, 2.22e-16, zfs_new, random, [0.653 ± 2.22e-16, 0.971 ± 0.00766],  0, " ('sys_mat_spec_dist', 'random')", $\rho_S$, 0.00982, 0.0938, $\tau_K$, 0.00657, 0.0626, " ('sys_mat_spec_dist', 'Wc_spec_dist')", $\rho_S$, 0.992, 0.00245, $\tau_K$, 0.93, 0.0109, " ('sys_mat_spec_dist', 'density')", $\rho_S$, 1, 7.79e-05, $\tau_K$, 0.992, 0.000918, " ('Wc_spec_dist', 'density')", $\rho_S$, 0.992, 0.00242, $\tau_K$, 0.937, 0.0108, 
100, adjacency, connected_ER, 20, 0.3, 0.297, 0.0291, all_ones, random, [0.292 ± 0.0292, 0.52 ± 0.05],  0.35, " ('sys_mat_spec_dist', 'random')", $\rho_S$, 0.00413, 0.11, $\tau_K$, 0.00321, 0.0741, " ('sys_mat_spec_dist', 'Wc_spec_dist')", $\rho_S$, 0.946, 0.0139, $\tau_K$, 0.802, 0.0249, " ('sys_mat_spec_dist', 'density')", $\rho_S$, 0.955, 0.0133, $\tau_K$, 0.829, 0.0251, " ('Wc_spec_dist', 'density')", $\rho_S$, 0.992, 0.00332, $\tau_K$, 0.937, 0.0142, 
100, adjacency, connected_RG, 20, 0.25, 0.182, 0.0273, all_ones, random, [0.177 ± 0.0277, 0.317 ± 0.0503],  0.35, " ('sys_mat_spec_dist', 'random')", $\rho_S$, -0.00689, 0.0878, $\tau_K$, -0.00468, 0.0591, " ('sys_mat_spec_dist', 'Wc_spec_dist')", $\rho_S$, 0.881, 0.0431, $\tau_K$, 0.701, 0.0502, " ('sys_mat_spec_dist', 'density')", $\rho_S$, 0.92, 0.026, $\tau_K$, 0.778, 0.0365, " ('Wc_spec_dist', 'density')", $\rho_S$, 0.961, 0.0309, $\tau_K$, 0.852, 0.0502, 
100, adjacency, BA, 20, 3, 0.289, 1.11e-16, all_ones, random, [0.285 ± 0.00211, 0.501 ± 0.0076],  0.35, " ('sys_mat_spec_dist', 'random')", $\rho_S$, 0.0025, 0.103, $\tau_K$, 0.0015, 0.0692, " ('sys_mat_spec_dist', 'Wc_spec_dist')", $\rho_S$, 0.933, 0.0141, $\tau_K$, 0.773, 0.025, " ('sys_mat_spec_dist', 'density')", $\rho_S$, 0.959, 0.0108, $\tau_K$, 0.838, 0.0222, " ('Wc_spec_dist', 'density')", $\rho_S$, 0.985, 0.00383, $\tau_K$, 0.908, 0.0117, 
100, adjacency, connected_ER, 20, 0.3, 0.297, 0.0291, identity, random, [0.293 ± 0.0294, 0.52 ± 0.0499],  0.35, " ('sys_mat_spec_dist', 'random')", $\rho_S$, 0.0102, 0.0949, $\tau_K$, 0.00685, 0.0639, " ('sys_mat_spec_dist', 'Wc_spec_dist')", $\rho_S$, 0.945, 0.0141, $\tau_K$, 0.8, 0.0256, " ('sys_mat_spec_dist', 'density')", $\rho_S$, 0.954, 0.0131, $\tau_K$, 0.828, 0.0258, " ('Wc_spec_dist', 'density')", $\rho_S$, 0.991, 0.00339, $\tau_K$, 0.932, 0.0142, 
100, adjacency, connected_RG, 20, 0.25, 0.182, 0.0273, identity, random, [0.177 ± 0.0273, 0.318 ± 0.05],  0.35, " ('sys_mat_spec_dist', 'random')", $\rho_S$, 0.0144, 0.102, $\tau_K$, 0.0106, 0.0682, " ('sys_mat_spec_dist', 'Wc_spec_dist')", $\rho_S$, 0.858, 0.0538, $\tau_K$, 0.67, 0.0643, " ('sys_mat_spec_dist', 'density')", $\rho_S$, 0.92, 0.0257, $\tau_K$, 0.778, 0.0365, " ('Wc_spec_dist', 'density')", $\rho_S$, 0.934, 0.0527, $\tau_K$, 0.804, 0.0772, 
100, adjacency, BA, 20, 3, 0.289, 1.11e-16, identity, random, [0.286 ± 0.00231, 0.501 ± 0.00765],  0.35, " ('sys_mat_spec_dist', 'random')", $\rho_S$, -0.00106, 0.1, $\tau_K$, -0.00113, 0.0681, " ('sys_mat_spec_dist', 'Wc_spec_dist')", $\rho_S$, 0.929, 0.0141, $\tau_K$, 0.766, 0.0231, " ('sys_mat_spec_dist', 'density')", $\rho_S$, 0.959, 0.0102, $\tau_K$, 0.839, 0.0215, " ('Wc_spec_dist', 'density')", $\rho_S$, 0.981, 0.00619, $\tau_K$, 0.898, 0.0166, 
100, adjacency, connected_ER, 20, 0.3, 0.297, 0.0291, zfs, random, [0.293 ± 0.0293, 0.52 ± 0.0506],  0.35, " ('sys_mat_spec_dist', 'random')", $\rho_S$, -0.0102, 0.109, $\tau_K$, -0.00721, 0.074, " ('sys_mat_spec_dist', 'Wc_spec_dist')", $\rho_S$, 0.941, 0.0159, $\tau_K$, 0.792, 0.0279, " ('sys_mat_spec_dist', 'density')", $\rho_S$, 0.951, 0.0148, $\tau_K$, 0.823, 0.0273, " ('Wc_spec_dist', 'density')", $\rho_S$, 0.99, 0.00409, $\tau_K$, 0.928, 0.0164, 
100, adjacency, connected_RG, 20, 0.25, 0.182, 0.0273, zfs, random, [0.177 ± 0.0276, 0.318 ± 0.0501],  0.35, " ('sys_mat_spec_dist', 'random')", $\rho_S$, -0.00677, 0.108, $\tau_K$, -0.00454, 0.0737, " ('sys_mat_spec_dist', 'Wc_spec_dist')", $\rho_S$, 0.841, 0.0769, $\tau_K$, 0.652, 0.078, " ('sys_mat_spec_dist', 'density')", $\rho_S$, 0.92, 0.0281, $\tau_K$, 0.778, 0.0403, " ('Wc_spec_dist', 'density')", $\rho_S$, 0.919, 0.0781, $\tau_K$, 0.779, 0.0966, 
100, adjacency, BA, 20, 3, 0.289, 1.11e-16, zfs, random, [0.285 ± 0.00225, 0.501 ± 0.00756],  0.35, " ('sys_mat_spec_dist', 'random')", $\rho_S$, -0.00859, 0.108, $\tau_K$, -0.00567, 0.0724, " ('sys_mat_spec_dist', 'Wc_spec_dist')", $\rho_S$, 0.921, 0.0182, $\tau_K$, 0.752, 0.0292, " ('sys_mat_spec_dist', 'density')", $\rho_S$, 0.959, 0.0131, $\tau_K$, 0.839, 0.0261, " ('Wc_spec_dist', 'density')", $\rho_S$, 0.974, 0.00824, $\tau_K$, 0.877, 0.0197, 
100, adjacency, connected_ER, 20, 0.3, 0.297, 0.0291, zfs_transf, random, [0.293 ± 0.0295, 0.519 ± 0.0497],  0.35, " ('sys_mat_spec_dist', 'random')", $\rho_S$, -0.00611, 0.104, $\tau_K$, -0.00472, 0.0697, " ('sys_mat_spec_dist', 'Wc_spec_dist')", $\rho_S$, 0.942, 0.018, $\tau_K$, 0.795, 0.0296, " ('sys_mat_spec_dist', 'density')", $\rho_S$, 0.952, 0.0166, $\tau_K$, 0.825, 0.0297, " ('Wc_spec_dist', 'density')", $\rho_S$, 0.99, 0.00372, $\tau_K$, 0.93, 0.0147, 
100, adjacency, connected_RG, 20, 0.25, 0.182, 0.0273, zfs_transf, random, [0.177 ± 0.0274, 0.317 ± 0.05],  0.35, " ('sys_mat_spec_dist', 'random')", $\rho_S$, 0.00468, 0.0897, $\tau_K$, 0.00304, 0.0593, " ('sys_mat_spec_dist', 'Wc_spec_dist')", $\rho_S$, 0.857, 0.0583, $\tau_K$, 0.67, 0.0642, " ('sys_mat_spec_dist', 'density')", $\rho_S$, 0.921, 0.0264, $\tau_K$, 0.78, 0.0374, " ('Wc_spec_dist', 'density')", $\rho_S$, 0.93, 0.0688, $\tau_K$, 0.799, 0.0871, 
100, adjacency, BA, 20, 3, 0.289, 1.11e-16, zfs_transf, random, [0.286 ± 0.00234, 0.501 ± 0.00729],  0.35, " ('sys_mat_spec_dist', 'random')", $\rho_S$, -0.00112, 0.105, $\tau_K$, -0.00098, 0.0711, " ('sys_mat_spec_dist', 'Wc_spec_dist')", $\rho_S$, 0.928, 0.0146, $\tau_K$, 0.766, 0.023, " ('sys_mat_spec_dist', 'density')", $\rho_S$, 0.957, 0.012, $\tau_K$, 0.836, 0.0233, " ('Wc_spec_dist', 'density')", $\rho_S$, 0.982, 0.00499, $\tau_K$, 0.901, 0.0135, 
100, adjacency, connected_ER, 20, 0.3, 0.297, 0.0291, zfs_new, random, [0.293 ± 0.0292, 0.52 ± 0.0499],  0.35, " ('sys_mat_spec_dist', 'random')", $\rho_S$, -0.00948, 0.0902, $\tau_K$, -0.00602, 0.0613, " ('sys_mat_spec_dist', 'Wc_spec_dist')", $\rho_S$, 0.942, 0.0167, $\tau_K$, 0.795, 0.0278, " ('sys_mat_spec_dist', 'density')", $\rho_S$, 0.953, 0.0151, $\tau_K$, 0.826, 0.0292, " ('Wc_spec_dist', 'density')", $\rho_S$, 0.99, 0.00445, $\tau_K$, 0.928, 0.0169, 
100, adjacency, connected_RG, 20, 0.25, 0.182, 0.0273, zfs_new, random, [0.177 ± 0.0278, 0.317 ± 0.0501],  0.35, " ('sys_mat_spec_dist', 'random')", $\rho_S$, -0.00243, 0.111, $\tau_K$, -0.00249, 0.0754, " ('sys_mat_spec_dist', 'Wc_spec_dist')", $\rho_S$, 0.844, 0.0722, $\tau_K$, 0.654, 0.0765, " ('sys_mat_spec_dist', 'density')", $\rho_S$, 0.921, 0.0238, $\tau_K$, 0.778, 0.0349, " ('Wc_spec_dist', 'density')", $\rho_S$, 0.919, 0.0772, $\tau_K$, 0.779, 0.0966, 
100, adjacency, BA, 20, 3, 0.289, 1.11e-16, zfs_new, random, [0.286 ± 0.00228, 0.501 ± 0.00756],  0.35, " ('sys_mat_spec_dist', 'random')", $\rho_S$, 0.0264, 0.092, $\tau_K$, 0.0177, 0.0618, " ('sys_mat_spec_dist', 'Wc_spec_dist')", $\rho_S$, 0.917, 0.0218, $\tau_K$, 0.747, 0.0337, " ('sys_mat_spec_dist', 'density')", $\rho_S$, 0.957, 0.013, $\tau_K$, 0.835, 0.0261, " ('Wc_spec_dist', 'density')", $\rho_S$, 0.974, 0.0082, $\tau_K$, 0.876, 0.0191, 
100, neg_laplacian, connected_ER, 20, 0.3, 0.297, 0.0291, identity, random, [0.292 ± 0.0292, 0.52 ± 0.0497],  0.35, " ('sys_mat_spec_dist', 'random')", $\rho_S$, 0.00634, 0.0935, $\tau_K$, 0.00431, 0.0635, " ('sys_mat_spec_dist', 'Wc_spec_dist')", $\rho_S$, 0.984, 0.0103, $\tau_K$, 0.908, 0.0244, " ('sys_mat_spec_dist', 'density')", $\rho_S$, 0.999, 0.000308, $\tau_K$, 0.987, 0.00293, " ('Wc_spec_dist', 'density')", $\rho_S$, 0.984, 0.0112, $\tau_K$, 0.916, 0.0239, 
100, neg_laplacian, connected_RG, 20, 0.25, 0.182, 0.0273, identity, random, [0.177 ± 0.0275, 0.317 ± 0.0505],  0.35, " ('sys_mat_spec_dist', 'random')", $\rho_S$, -0.0142, 0.1, $\tau_K$, -0.0101, 0.0678, " ('sys_mat_spec_dist', 'Wc_spec_dist')", $\rho_S$, 0.96, 0.0156, $\tau_K$, 0.841, 0.032, " ('sys_mat_spec_dist', 'density')", $\rho_S$, 0.998, 0.00119, $\tau_K$, 0.975, 0.00661, " ('Wc_spec_dist', 'density')", $\rho_S$, 0.963, 0.0138, $\tau_K$, 0.859, 0.028, 
100, neg_laplacian, BA, 20, 3, 0.289, 1.11e-16, identity, random, [0.285 ± 0.00211, 0.501 ± 0.00675],  0.35, " ('sys_mat_spec_dist', 'random')", $\rho_S$, -7.79e-05, 0.0947, $\tau_K$, -0.000258, 0.0632, " ('sys_mat_spec_dist', 'Wc_spec_dist')", $\rho_S$, 0.986, 0.00842, $\tau_K$, 0.915, 0.0139, " ('sys_mat_spec_dist', 'density')", $\rho_S$, 0.997, 0.00172, $\tau_K$, 0.97, 0.0112, " ('Wc_spec_dist', 'density')", $\rho_S$, 0.984, 0.00958, $\tau_K$, 0.913, 0.0145, 
100, neg_laplacian, connected_ER, 20, 0.3, 0.297, 0.0291, zfs, random, [0.293 ± 0.0291, 0.519 ± 0.0506],  0.35, " ('sys_mat_spec_dist', 'random')", $\rho_S$, 0.0042, 0.0945, $\tau_K$, 0.00263, 0.0639, " ('sys_mat_spec_dist', 'Wc_spec_dist')", $\rho_S$, 0.939, 0.025, $\tau_K$, 0.795, 0.0442, " ('sys_mat_spec_dist', 'density')", $\rho_S$, 0.999, 0.000266, $\tau_K$, 0.987, 0.00242, " ('Wc_spec_dist', 'density')", $\rho_S$, 0.939, 0.025, $\tau_K$, 0.802, 0.0436, 
100, neg_laplacian, connected_RG, 20, 0.25, 0.182, 0.0273, zfs, random, [0.177 ± 0.0275, 0.318 ± 0.0502],  0.35, " ('sys_mat_spec_dist', 'random')", $\rho_S$, 0.0178, 0.0858, $\tau_K$, 0.0115, 0.058, " ('sys_mat_spec_dist', 'Wc_spec_dist')", $\rho_S$, 0.872, 0.0521, $\tau_K$, 0.697, 0.064, " ('sys_mat_spec_dist', 'density')", $\rho_S$, 0.998, 0.00119, $\tau_K$, 0.974, 0.00685, " ('Wc_spec_dist', 'density')", $\rho_S$, 0.873, 0.0525, $\tau_K$, 0.71, 0.0641, 
100, neg_laplacian, BA, 20, 3, 0.289, 1.11e-16, zfs, random, [0.285 ± 0.00202, 0.501 ± 0.00764],  0.35, " ('sys_mat_spec_dist', 'random')", $\rho_S$, 0.00417, 0.0983, $\tau_K$, 0.00245, 0.067, " ('sys_mat_spec_dist', 'Wc_spec_dist')", $\rho_S$, 0.852, 0.0808, $\tau_K$, 0.68, 0.0845, " ('sys_mat_spec_dist', 'density')", $\rho_S$, 0.997, 0.00186, $\tau_K$, 0.971, 0.0116, " ('Wc_spec_dist', 'density')", $\rho_S$, 0.85, 0.0821, $\tau_K$, 0.683, 0.0857, 
100, neg_laplacian, connected_ER, 20, 0.3, 0.297, 0.0291, zfs_transf, random, [0.293 ± 0.0294, 0.52 ± 0.0497],  0.35, " ('sys_mat_spec_dist', 'random')", $\rho_S$, 0.0155, 0.103, $\tau_K$, 0.0102, 0.07, " ('sys_mat_spec_dist', 'Wc_spec_dist')", $\rho_S$, 0.977, 0.0146, $\tau_K$, 0.888, 0.0382, " ('sys_mat_spec_dist', 'density')", $\rho_S$, 0.999, 0.000311, $\tau_K$, 0.987, 0.0027, " ('Wc_spec_dist', 'density')", $\rho_S$, 0.978, 0.0146, $\tau_K$, 0.897, 0.0376, 
100, neg_laplacian, connected_RG, 20, 0.25, 0.182, 0.0273, zfs_transf, random, [0.177 ± 0.0272, 0.317 ± 0.0506],  0.35, " ('sys_mat_spec_dist', 'random')", $\rho_S$, 0.01, 0.102, $\tau_K$, 0.00657, 0.0694, " ('sys_mat_spec_dist', 'Wc_spec_dist')", $\rho_S$, 0.95, 0.0191, $\tau_K$, 0.817, 0.0356, " ('sys_mat_spec_dist', 'density')", $\rho_S$, 0.998, 0.00127, $\tau_K$, 0.974, 0.00674, " ('Wc_spec_dist', 'density')", $\rho_S$, 0.954, 0.0171, $\tau_K$, 0.839, 0.0319, 
100, neg_laplacian, BA, 20, 3, 0.289, 1.11e-16, zfs_transf, random, [0.285 ± 0.00211, 0.501 ± 0.00811],  0.35, " ('sys_mat_spec_dist', 'random')", $\rho_S$, 0.00197, 0.0931, $\tau_K$, 0.000903, 0.0639, " ('sys_mat_spec_dist', 'Wc_spec_dist')", $\rho_S$, 0.991, 0.00528, $\tau_K$, 0.933, 0.0197, " ('sys_mat_spec_dist', 'density')", $\rho_S$, 0.997, 0.0018, $\tau_K$, 0.97, 0.0113, " ('Wc_spec_dist', 'density')", $\rho_S$, 0.991, 0.00567, $\tau_K$, 0.936, 0.0194, 
100, neg_laplacian, connected_ER, 20, 0.3, 0.297, 0.0291, zfs_new, random, [0.292 ± 0.0292, 0.52 ± 0.0498],  0.35, " ('sys_mat_spec_dist', 'random')", $\rho_S$, 0.00672, 0.104, $\tau_K$, 0.00499, 0.0709, " ('sys_mat_spec_dist', 'Wc_spec_dist')", $\rho_S$, 0.94, 0.0256, $\tau_K$, 0.797, 0.0438, " ('sys_mat_spec_dist', 'density')", $\rho_S$, 0.999, 0.000238, $\tau_K$, 0.987, 0.00227, " ('Wc_spec_dist', 'density')", $\rho_S$, 0.939, 0.0263, $\tau_K$, 0.804, 0.0438, 
100, neg_laplacian, connected_RG, 20, 0.25, 0.182, 0.0273, zfs_new, random, [0.177 ± 0.0276, 0.317 ± 0.0497],  0.35, " ('sys_mat_spec_dist', 'random')", $\rho_S$, 0.0039, 0.105, $\tau_K$, 0.00201, 0.0723, " ('sys_mat_spec_dist', 'Wc_spec_dist')", $\rho_S$, 0.868, 0.0604, $\tau_K$, 0.695, 0.0719, " ('sys_mat_spec_dist', 'density')", $\rho_S$, 0.998, 0.00108, $\tau_K$, 0.975, 0.00618, " ('Wc_spec_dist', 'density')", $\rho_S$, 0.869, 0.0612, $\tau_K$, 0.708, 0.0724, 
100, neg_laplacian, BA, 20, 3, 0.289, 1.11e-16, zfs_new, random, [0.286 ± 0.00228, 0.501 ± 0.00718],  0.35, " ('sys_mat_spec_dist', 'random')", $\rho_S$, -0.0102, 0.0989, $\tau_K$, -0.00665, 0.0666, " ('sys_mat_spec_dist', 'Wc_spec_dist')", $\rho_S$, 0.861, 0.0627, $\tau_K$, 0.685, 0.0725, " ('sys_mat_spec_dist', 'density')", $\rho_S$, 0.997, 0.00156, $\tau_K$, 0.97, 0.0105, " ('Wc_spec_dist', 'density')", $\rho_S$, 0.859, 0.0633, $\tau_K$, 0.69, 0.0734, 
100, adjacency, connected_ER, 20, 0.5, 0.503, 0.0317, all_ones, random, [0.498 ± 0.032, 0.703 ± 0.0197],  0.35, " ('sys_mat_spec_dist', 'random')", $\rho_S$, -0.00182, 0.0982, $\tau_K$, -0.000392, 0.0665, " ('sys_mat_spec_dist', 'Wc_spec_dist')", $\rho_S$, 0.923, 0.0263, $\tau_K$, 0.766, 0.0393, " ('sys_mat_spec_dist', 'density')", $\rho_S$, 0.92, 0.0263, $\tau_K$, 0.77, 0.0382, " ('Wc_spec_dist', 'density')", $\rho_S$, 0.995, 0.00129, $\tau_K$, 0.957, 0.00717, 
100, adjacency, connected_RG, 20, 0.5, 0.469, 0.0669, all_ones, random, [0.465 ± 0.0667, 0.683 ± 0.0405],  0.35, " ('sys_mat_spec_dist', 'random')", $\rho_S$, 0.0154, 0.106, $\tau_K$, 0.0105, 0.0713, " ('sys_mat_spec_dist', 'Wc_spec_dist')", $\rho_S$, 0.806, 0.0756, $\tau_K$, 0.625, 0.08, " ('sys_mat_spec_dist', 'density')", $\rho_S$, 0.83, 0.0596, $\tau_K$, 0.674, 0.0656, " ('Wc_spec_dist', 'density')", $\rho_S$, 0.985, 0.0328, $\tau_K$, 0.925, 0.049, 
100, adjacency, BA, 20, 5, 0.447, 0, all_ones, random, [0.444 ± 0.00239, 0.673 ± 0.0043],  0.35, " ('sys_mat_spec_dist', 'random')", $\rho_S$, 0.023, 0.0986, $\tau_K$, 0.015, 0.0668, " ('sys_mat_spec_dist', 'Wc_spec_dist')", $\rho_S$, 0.902, 0.028, $\tau_K$, 0.733, 0.0376, " ('sys_mat_spec_dist', 'density')", $\rho_S$, 0.912, 0.0265, $\tau_K$, 0.757, 0.0359, " ('Wc_spec_dist', 'density')", $\rho_S$, 0.992, 0.00252, $\tau_K$, 0.941, 0.0102, 
100, adjacency, connected_ER, 20, 0.5, 0.503, 0.0317, identity, random, [0.499 ± 0.0322, 0.703 ± 0.0196],  0.35, " ('sys_mat_spec_dist', 'random')", $\rho_S$, -0.00991, 0.095, $\tau_K$, -0.00665, 0.0647, " ('sys_mat_spec_dist', 'Wc_spec_dist')", $\rho_S$, 0.92, 0.0256, $\tau_K$, 0.764, 0.038, " ('sys_mat_spec_dist', 'density')", $\rho_S$, 0.916, 0.0257, $\tau_K$, 0.767, 0.0373, " ('Wc_spec_dist', 'density')", $\rho_S$, 0.995, 0.00136, $\tau_K$, 0.954, 0.00715, 
100, adjacency, connected_RG, 20, 0.5, 0.469, 0.0669, identity, random, [0.465 ± 0.0666, 0.683 ± 0.0405],  0.35, " ('sys_mat_spec_dist', 'random')", $\rho_S$, -0.0108, 0.0958, $\tau_K$, -0.00759, 0.0646, " ('sys_mat_spec_dist', 'Wc_spec_dist')", $\rho_S$, 0.81, 0.0737, $\tau_K$, 0.624, 0.0788, " ('sys_mat_spec_dist', 'density')", $\rho_S$, 0.839, 0.0504, $\tau_K$, 0.682, 0.0579, " ('Wc_spec_dist', 'density')", $\rho_S$, 0.98, 0.0377, $\tau_K$, 0.912, 0.0564, 
100, adjacency, BA, 20, 5, 0.447, 0, identity, random, [0.443 ± 0.00202, 0.672 ± 0.00449],  0.35, " ('sys_mat_spec_dist', 'random')", $\rho_S$, 0.0263, 0.11, $\tau_K$, 0.0176, 0.0758, " ('sys_mat_spec_dist', 'Wc_spec_dist')", $\rho_S$, 0.901, 0.0335, $\tau_K$, 0.73, 0.0446, " ('sys_mat_spec_dist', 'density')", $\rho_S$, 0.91, 0.0322, $\tau_K$, 0.756, 0.0432, " ('Wc_spec_dist', 'density')", $\rho_S$, 0.992, 0.00264, $\tau_K$, 0.937, 0.0104, 
100, adjacency, connected_ER, 20, 0.5, 0.503, 0.0317, zfs, random, [0.498 ± 0.0315, 0.703 ± 0.0196],  0.35, " ('sys_mat_spec_dist', 'random')", $\rho_S$, -0.00862, 0.107, $\tau_K$, -0.00593, 0.0723, " ('sys_mat_spec_dist', 'Wc_spec_dist')", $\rho_S$, 0.921, 0.0287, $\tau_K$, 0.762, 0.0405, " ('sys_mat_spec_dist', 'density')", $\rho_S$, 0.918, 0.029, $\tau_K$, 0.767, 0.0395, " ('Wc_spec_dist', 'density')", $\rho_S$, 0.995, 0.00151, $\tau_K$, 0.953, 0.00829, 
100, adjacency, connected_RG, 20, 0.5, 0.469, 0.0669, zfs, random, [0.465 ± 0.0668, 0.683 ± 0.0404],  0.35, " ('sys_mat_spec_dist', 'random')", $\rho_S$, -0.00183, 0.104, $\tau_K$, -0.00247, 0.0702, " ('sys_mat_spec_dist', 'Wc_spec_dist')", $\rho_S$, 0.802, 0.0827, $\tau_K$, 0.618, 0.0826, " ('sys_mat_spec_dist', 'density')", $\rho_S$, 0.83, 0.0567, $\tau_K$, 0.673, 0.0639, " ('Wc_spec_dist', 'density')", $\rho_S$, 0.981, 0.0339, $\tau_K$, 0.915, 0.052, 
100, adjacency, BA, 20, 5, 0.447, 0, zfs, random, [0.444 ± 0.00239, 0.673 ± 0.00471],  0.35, " ('sys_mat_spec_dist', 'random')", $\rho_S$, 0.00429, 0.116, $\tau_K$, 0.00239, 0.0782, " ('sys_mat_spec_dist', 'Wc_spec_dist')", $\rho_S$, 0.901, 0.032, $\tau_K$, 0.729, 0.043, " ('sys_mat_spec_dist', 'density')", $\rho_S$, 0.914, 0.029, $\tau_K$, 0.76, 0.0396, " ('Wc_spec_dist', 'density')", $\rho_S$, 0.989, 0.00319, $\tau_K$, 0.926, 0.0114, 
100, adjacency, connected_ER, 20, 0.5, 0.503, 0.0317, zfs_transf, random, [0.498 ± 0.0322, 0.704 ± 0.02],  0.35, " ('sys_mat_spec_dist', 'random')", $\rho_S$, -0.00773, 0.0845, $\tau_K$, -0.00508, 0.0576, " ('sys_mat_spec_dist', 'Wc_spec_dist')", $\rho_S$, 0.925, 0.0238, $\tau_K$, 0.769, 0.0368, " ('sys_mat_spec_dist', 'density')", $\rho_S$, 0.922, 0.0233, $\tau_K$, 0.772, 0.0348, " ('Wc_spec_dist', 'density')", $\rho_S$, 0.995, 0.00153, $\tau_K$, 0.955, 0.00812, 
100, adjacency, connected_RG, 20, 0.5, 0.469, 0.0669, zfs_transf, random, [0.465 ± 0.0671, 0.683 ± 0.0408],  0.35, " ('sys_mat_spec_dist', 'random')", $\rho_S$, 0.00582, 0.0956, $\tau_K$, 0.00316, 0.0639, " ('sys_mat_spec_dist', 'Wc_spec_dist')", $\rho_S$, 0.811, 0.0753, $\tau_K$, 0.628, 0.0818, " ('sys_mat_spec_dist', 'density')", $\rho_S$, 0.84, 0.0594, $\tau_K$, 0.685, 0.0661, " ('Wc_spec_dist', 'density')", $\rho_S$, 0.982, 0.0276, $\tau_K$, 0.915, 0.0461, 
100, adjacency, BA, 20, 5, 0.447, 0, zfs_transf, random, [0.443 ± 0.00211, 0.673 ± 0.00503],  0.35, " ('sys_mat_spec_dist', 'random')", $\rho_S$, -0.00337, 0.102, $\tau_K$, -0.00319, 0.0683, " ('sys_mat_spec_dist', 'Wc_spec_dist')", $\rho_S$, 0.901, 0.0319, $\tau_K$, 0.73, 0.0429, " ('sys_mat_spec_dist', 'density')", $\rho_S$, 0.91, 0.0313, $\tau_K$, 0.754, 0.0416, " ('Wc_spec_dist', 'density')", $\rho_S$, 0.991, 0.0032, $\tau_K$, 0.937, 0.0117, 
100, adjacency, connected_ER, 20, 0.5, 0.503, 0.0317, zfs_new, random, [0.498 ± 0.0315, 0.703 ± 0.0198],  0.35, " ('sys_mat_spec_dist', 'random')", $\rho_S$, -0.00449, 0.0952, $\tau_K$, -0.00371, 0.0643, " ('sys_mat_spec_dist', 'Wc_spec_dist')", $\rho_S$, 0.92, 0.0259, $\tau_K$, 0.762, 0.0394, " ('sys_mat_spec_dist', 'density')", $\rho_S$, 0.916, 0.0252, $\tau_K$, 0.766, 0.0369, " ('Wc_spec_dist', 'density')", $\rho_S$, 0.995, 0.00153, $\tau_K$, 0.953, 0.00787, 
100, adjacency, connected_RG, 20, 0.5, 0.469, 0.0669, zfs_new, random, [0.465 ± 0.0668, 0.683 ± 0.0413],  0.35, " ('sys_mat_spec_dist', 'random')", $\rho_S$, -0.000907, 0.101, $\tau_K$, -0.000448, 0.0685, " ('sys_mat_spec_dist', 'Wc_spec_dist')", $\rho_S$, 0.797, 0.0749, $\tau_K$, 0.614, 0.0756, " ('sys_mat_spec_dist', 'density')", $\rho_S$, 0.828, 0.053, $\tau_K$, 0.67, 0.0587, " ('Wc_spec_dist', 'density')", $\rho_S$, 0.98, 0.0435, $\tau_K$, 0.915, 0.059, 
100, adjacency, BA, 20, 5, 0.447, 0, zfs_new, random, [0.444 ± 0.00241, 0.672 ± 0.00482],  0.35, " ('sys_mat_spec_dist', 'random')", $\rho_S$, 0.00848, 0.108, $\tau_K$, 0.00601, 0.0718, " ('sys_mat_spec_dist', 'Wc_spec_dist')", $\rho_S$, 0.899, 0.0291, $\tau_K$, 0.727, 0.0412, " ('sys_mat_spec_dist', 'density')", $\rho_S$, 0.911, 0.0277, $\tau_K$, 0.755, 0.0407, " ('Wc_spec_dist', 'density')", $\rho_S$, 0.989, 0.0033, $\tau_K$, 0.926, 0.0115, 
100, neg_laplacian, connected_ER, 20, 0.5, 0.503, 0.0317, identity, random, [0.498 ± 0.0317, 0.703 ± 0.0193],  0.35, " ('sys_mat_spec_dist', 'random')", $\rho_S$, -0.000726, 0.117, $\tau_K$, -0.000185, 0.0781, " ('sys_mat_spec_dist', 'Wc_spec_dist')", $\rho_S$, 0.993, 0.00342, $\tau_K$, 0.938, 0.00963, " ('sys_mat_spec_dist', 'density')", $\rho_S$, 0.999, 0.000298, $\tau_K$, 0.985, 0.0026, " ('Wc_spec_dist', 'density')", $\rho_S$, 0.993, 0.00328, $\tau_K$, 0.947, 0.00967, 
100, neg_laplacian, connected_RG, 20, 0.5, 0.469, 0.0669, identity, random, [0.465 ± 0.0675, 0.682 ± 0.041],  0.35, " ('sys_mat_spec_dist', 'random')", $\rho_S$, -0.00407, 0.0965, $\tau_K$, -0.00252, 0.0645, " ('sys_mat_spec_dist', 'Wc_spec_dist')", $\rho_S$, 0.992, 0.00237, $\tau_K$, 0.934, 0.00961, " ('sys_mat_spec_dist', 'density')", $\rho_S$, 0.998, 0.00139, $\tau_K$, 0.98, 0.0086, " ('Wc_spec_dist', 'density')", $\rho_S$, 0.992, 0.00252, $\tau_K$, 0.941, 0.00996, 
100, neg_laplacian, BA, 20, 5, 0.447, 0, identity, random, [0.443 ± 0.00198, 0.673 ± 0.00442],  0.35, " ('sys_mat_spec_dist', 'random')", $\rho_S$, 0.011, 0.104, $\tau_K$, 0.0073, 0.07, " ('sys_mat_spec_dist', 'Wc_spec_dist')", $\rho_S$, 0.994, 0.00303, $\tau_K$, 0.945, 0.00842, " ('sys_mat_spec_dist', 'density')", $\rho_S$, 0.998, 0.00115, $\tau_K$, 0.977, 0.00818, " ('Wc_spec_dist', 'density')", $\rho_S$, 0.992, 0.00344, $\tau_K$, 0.943, 0.00802, 
100, neg_laplacian, connected_ER, 20, 0.5, 0.503, 0.0317, zfs, random, [0.498 ± 0.0317, 0.703 ± 0.0192],  0.35, " ('sys_mat_spec_dist', 'random')", $\rho_S$, -0.00471, 0.11, $\tau_K$, -0.00307, 0.0748, " ('sys_mat_spec_dist', 'Wc_spec_dist')", $\rho_S$, 0.965, 0.0151, $\tau_K$, 0.847, 0.0303, " ('sys_mat_spec_dist', 'density')", $\rho_S$, 0.999, 0.000346, $\tau_K$, 0.985, 0.00287, " ('Wc_spec_dist', 'density')", $\rho_S$, 0.965, 0.0154, $\tau_K$, 0.855, 0.0306, 
100, neg_laplacian, connected_RG, 20, 0.5, 0.469, 0.0669, zfs, random, [0.465 ± 0.0666, 0.683 ± 0.0406],  0.35, " ('sys_mat_spec_dist', 'random')", $\rho_S$, 0.00475, 0.0918, $\tau_K$, 0.00328, 0.0615, " ('sys_mat_spec_dist', 'Wc_spec_dist')", $\rho_S$, 0.967, 0.0138, $\tau_K$, 0.853, 0.0303, " ('sys_mat_spec_dist', 'density')", $\rho_S$, 0.998, 0.00089, $\tau_K$, 0.981, 0.00667, " ('Wc_spec_dist', 'density')", $\rho_S$, 0.967, 0.0142, $\tau_K$, 0.861, 0.0311, 
100, neg_laplacian, BA, 20, 5, 0.447, 0, zfs, random, [0.443 ± 0.00218, 0.672 ± 0.00467],  0.35, " ('sys_mat_spec_dist', 'random')", $\rho_S$, 0.015, 0.0946, $\tau_K$, 0.0102, 0.0643, " ('sys_mat_spec_dist', 'Wc_spec_dist')", $\rho_S$, 0.879, 0.0539, $\tau_K$, 0.705, 0.0645, " ('sys_mat_spec_dist', 'density')", $\rho_S$, 0.998, 0.00118, $\tau_K$, 0.977, 0.00847, " ('Wc_spec_dist', 'density')", $\rho_S$, 0.877, 0.055, $\tau_K$, 0.709, 0.0662, 
100, neg_laplacian, connected_ER, 20, 0.5, 0.503, 0.0317, zfs_transf, random, [0.499 ± 0.0319, 0.703 ± 0.02],  0.35, " ('sys_mat_spec_dist', 'random')", $\rho_S$, 0.0142, 0.0906, $\tau_K$, 0.01, 0.0609, " ('sys_mat_spec_dist', 'Wc_spec_dist')", $\rho_S$, 0.992, 0.00663, $\tau_K$, 0.933, 0.0179, " ('sys_mat_spec_dist', 'density')", $\rho_S$, 0.999, 0.000341, $\tau_K$, 0.985, 0.00277, " ('Wc_spec_dist', 'density')", $\rho_S$, 0.992, 0.0068, $\tau_K$, 0.942, 0.0186, 
100, neg_laplacian, connected_RG, 20, 0.5, 0.469, 0.0669, zfs_transf, random, [0.465 ± 0.0665, 0.682 ± 0.0411],  0.35, " ('sys_mat_spec_dist', 'random')", $\rho_S$, 0.00946, 0.106, $\tau_K$, 0.00696, 0.0723, " ('sys_mat_spec_dist', 'Wc_spec_dist')", $\rho_S$, 0.991, 0.00599, $\tau_K$, 0.929, 0.015, " ('sys_mat_spec_dist', 'density')", $\rho_S$, 0.998, 0.00125, $\tau_K$, 0.981, 0.00817, " ('Wc_spec_dist', 'density')", $\rho_S$, 0.991, 0.00574, $\tau_K$, 0.937, 0.0151, 
100, neg_laplacian, BA, 20, 5, 0.447, 0, zfs_transf, random, [0.443 ± 0.00225, 0.673 ± 0.00475],  0.35, " ('sys_mat_spec_dist', 'random')", $\rho_S$, 0.0131, 0.097, $\tau_K$, 0.00909, 0.0654, " ('sys_mat_spec_dist', 'Wc_spec_dist')", $\rho_S$, 0.997, 0.0014, $\tau_K$, 0.964, 0.0101, " ('sys_mat_spec_dist', 'density')", $\rho_S$, 0.998, 0.00111, $\tau_K$, 0.977, 0.00831, " ('Wc_spec_dist', 'density')", $\rho_S$, 0.997, 0.00167, $\tau_K$, 0.97, 0.0114, 
100, neg_laplacian, connected_ER, 20, 0.5, 0.503, 0.0317, zfs_new, random, [0.498 ± 0.0316, 0.703 ± 0.0195],  0.35, " ('sys_mat_spec_dist', 'random')", $\rho_S$, 0.000331, 0.104, $\tau_K$, 0.000232, 0.0696, " ('sys_mat_spec_dist', 'Wc_spec_dist')", $\rho_S$, 0.965, 0.0115, $\tau_K$, 0.845, 0.0266, " ('sys_mat_spec_dist', 'density')", $\rho_S$, 0.999, 0.000332, $\tau_K$, 0.984, 0.00265, " ('Wc_spec_dist', 'density')", $\rho_S$, 0.965, 0.0116, $\tau_K$, 0.854, 0.0264, 
100, neg_laplacian, connected_RG, 20, 0.5, 0.469, 0.0669, zfs_new, random, [0.465 ± 0.0665, 0.682 ± 0.0408],  0.35, " ('sys_mat_spec_dist', 'random')", $\rho_S$, 0.0143, 0.1, $\tau_K$, 0.00856, 0.0671, " ('sys_mat_spec_dist', 'Wc_spec_dist')", $\rho_S$, 0.97, 0.0112, $\tau_K$, 0.859, 0.0274, " ('sys_mat_spec_dist', 'density')", $\rho_S$, 0.998, 0.00118, $\tau_K$, 0.981, 0.00781, " ('Wc_spec_dist', 'density')", $\rho_S$, 0.97, 0.0115, $\tau_K$, 0.866, 0.028, 
100, neg_laplacian, BA, 20, 5, 0.447, 0, zfs_new, random, [0.443 ± 0.00225, 0.673 ± 0.00479],  0.35, " ('sys_mat_spec_dist', 'random')", $\rho_S$, 0.000809, 0.0953, $\tau_K$, 0.000618, 0.0638, " ('sys_mat_spec_dist', 'Wc_spec_dist')", $\rho_S$, 0.881, 0.059, $\tau_K$, 0.709, 0.0699, " ('sys_mat_spec_dist', 'density')", $\rho_S$, 0.998, 0.00136, $\tau_K$, 0.976, 0.00922, " ('Wc_spec_dist', 'density')", $\rho_S$, 0.879, 0.0594, $\tau_K$, 0.713, 0.0708, 
100, adjacency, connected_ER, 20, 0.7, 0.701, 0.0353, all_ones, random, [0.696 ± 0.0354, 0.82 ± 0.0221],  0.35, " ('sys_mat_spec_dist', 'random')", $\rho_S$, -0.00174, 0.0914, $\tau_K$, -0.00198, 0.0607, " ('sys_mat_spec_dist', 'Wc_spec_dist')", $\rho_S$, 0.937, 0.0231, $\tau_K$, 0.789, 0.0387, " ('sys_mat_spec_dist', 'density')", $\rho_S$, 0.931, 0.022, $\tau_K$, 0.792, 0.0356, " ('Wc_spec_dist', 'density')", $\rho_S$, 0.995, 0.00173, $\tau_K$, 0.957, 0.00813, 
100, adjacency, connected_RG, 20, 0.75, 0.804, 0.0601, all_ones, random, [0.799 ± 0.06, 0.881 ± 0.0352],  0.35, " ('sys_mat_spec_dist', 'random')", $\rho_S$, -0.00871, 0.103, $\tau_K$, -0.00535, 0.0696, " ('sys_mat_spec_dist', 'Wc_spec_dist')", $\rho_S$, 0.724, 0.105, $\tau_K$, 0.527, 0.0944, " ('sys_mat_spec_dist', 'density')", $\rho_S$, 0.789, 0.0785, $\tau_K$, 0.626, 0.0777, " ('Wc_spec_dist', 'density')", $\rho_S$, 0.966, 0.0475, $\tau_K$, 0.888, 0.0683, 
100, adjacency, BA, 20, 8, 0.653, 2.22e-16, all_ones, random, [0.648 ± 0.00143, 0.794 ± 0.00395],  0.35, " ('sys_mat_spec_dist', 'random')", $\rho_S$, 0.0134, 0.0971, $\tau_K$, 0.00913, 0.0655, " ('sys_mat_spec_dist', 'Wc_spec_dist')", $\rho_S$, 0.847, 0.0441, $\tau_K$, 0.663, 0.0506, " ('sys_mat_spec_dist', 'density')", $\rho_S$, 0.85, 0.0414, $\tau_K$, 0.68, 0.0477, " ('Wc_spec_dist', 'density')", $\rho_S$, 0.992, 0.00205, $\tau_K$, 0.941, 0.00869, 
100, adjacency, connected_ER, 20, 0.7, 0.701, 0.0353, identity, random, [0.697 ± 0.0351, 0.82 ± 0.0217],  0.35, " ('sys_mat_spec_dist', 'random')", $\rho_S$, 0.0223, 0.0988, $\tau_K$, 0.0146, 0.0663, " ('sys_mat_spec_dist', 'Wc_spec_dist')", $\rho_S$, 0.934, 0.026, $\tau_K$, 0.784, 0.0407, " ('sys_mat_spec_dist', 'density')", $\rho_S$, 0.928, 0.0252, $\tau_K$, 0.788, 0.0383, " ('Wc_spec_dist', 'density')", $\rho_S$, 0.995, 0.00211, $\tau_K$, 0.956, 0.00838, 
100, adjacency, connected_RG, 20, 0.75, 0.804, 0.0601, identity, random, [0.799 ± 0.06, 0.881 ± 0.0356],  0.35, " ('sys_mat_spec_dist', 'random')", $\rho_S$, 0.00838, 0.0925, $\tau_K$, 0.0063, 0.0626, " ('sys_mat_spec_dist', 'Wc_spec_dist')", $\rho_S$, 0.73, 0.0951, $\tau_K$, 0.531, 0.0859, " ('sys_mat_spec_dist', 'density')", $\rho_S$, 0.795, 0.0683, $\tau_K$, 0.631, 0.0667, " ('Wc_spec_dist', 'density')", $\rho_S$, 0.967, 0.0399, $\tau_K$, 0.886, 0.062, 
100, adjacency, BA, 20, 8, 0.653, 2.22e-16, identity, random, [0.648 ± 0.00188, 0.794 ± 0.004],  0.35, " ('sys_mat_spec_dist', 'random')", $\rho_S$, 0.00384, 0.107, $\tau_K$, 0.00295, 0.0723, " ('sys_mat_spec_dist', 'Wc_spec_dist')", $\rho_S$, 0.847, 0.0475, $\tau_K$, 0.662, 0.0546, " ('sys_mat_spec_dist', 'density')", $\rho_S$, 0.85, 0.0452, $\tau_K$, 0.679, 0.0525, " ('Wc_spec_dist', 'density')", $\rho_S$, 0.992, 0.00218, $\tau_K$, 0.938, 0.00946, 
100, adjacency, connected_ER, 20, 0.7, 0.701, 0.0353, zfs, random, [0.696 ± 0.0353, 0.82 ± 0.0217],  0.35, " ('sys_mat_spec_dist', 'random')", $\rho_S$, 0.0244, 0.0916, $\tau_K$, 0.0163, 0.0619, " ('sys_mat_spec_dist', 'Wc_spec_dist')", $\rho_S$, 0.933, 0.0265, $\tau_K$, 0.783, 0.0416, " ('sys_mat_spec_dist', 'density')", $\rho_S$, 0.926, 0.0262, $\tau_K$, 0.785, 0.0401, " ('Wc_spec_dist', 'density')", $\rho_S$, 0.994, 0.00184, $\tau_K$, 0.954, 0.00871, 
100, adjacency, connected_RG, 20, 0.75, 0.804, 0.0601, zfs, random, [0.799 ± 0.06, 0.881 ± 0.0357],  0.35, " ('sys_mat_spec_dist', 'random')", $\rho_S$, 0.000685, 0.0959, $\tau_K$, 0.000984, 0.0651, " ('sys_mat_spec_dist', 'Wc_spec_dist')", $\rho_S$, 0.718, 0.102, $\tau_K$, 0.521, 0.0898, " ('sys_mat_spec_dist', 'density')", $\rho_S$, 0.787, 0.0749, $\tau_K$, 0.624, 0.0739, " ('Wc_spec_dist', 'density')", $\rho_S$, 0.966, 0.0504, $\tau_K$, 0.885, 0.0681, 
100, adjacency, BA, 20, 8, 0.653, 2.22e-16, zfs, random, [0.648 ± 0.00143, 0.794 ± 0.00417],  0.35, " ('sys_mat_spec_dist', 'random')", $\rho_S$, 0.00544, 0.107, $\tau_K$, 0.00389, 0.0732, " ('sys_mat_spec_dist', 'Wc_spec_dist')", $\rho_S$, 0.848, 0.0426, $\tau_K$, 0.664, 0.0484, " ('sys_mat_spec_dist', 'density')", $\rho_S$, 0.853, 0.0405, $\tau_K$, 0.683, 0.0465, " ('Wc_spec_dist', 'density')", $\rho_S$, 0.989, 0.00322, $\tau_K$, 0.928, 0.0122, 
100, adjacency, connected_ER, 20, 0.7, 0.701, 0.0353, zfs_transf, random, [0.697 ± 0.0352, 0.82 ± 0.0219],  0.35, " ('sys_mat_spec_dist', 'random')", $\rho_S$, -0.00295, 0.0903, $\tau_K$, -0.00157, 0.0603, " ('sys_mat_spec_dist', 'Wc_spec_dist')", $\rho_S$, 0.935, 0.0241, $\tau_K$, 0.784, 0.0404, " ('sys_mat_spec_dist', 'density')", $\rho_S$, 0.928, 0.0237, $\tau_K$, 0.787, 0.0372, " ('Wc_spec_dist', 'density')", $\rho_S$, 0.995, 0.00168, $\tau_K$, 0.956, 0.00795, 
100, adjacency, connected_RG, 20, 0.75, 0.804, 0.0601, zfs_transf, random, [0.799 ± 0.06, 0.881 ± 0.0355],  0.35, " ('sys_mat_spec_dist', 'random')", $\rho_S$, -0.00142, 0.103, $\tau_K$, -0.00058, 0.07, " ('sys_mat_spec_dist', 'Wc_spec_dist')", $\rho_S$, 0.722, 0.0888, $\tau_K$, 0.524, 0.0831, " ('sys_mat_spec_dist', 'density')", $\rho_S$, 0.785, 0.0691, $\tau_K$, 0.622, 0.0708, " ('Wc_spec_dist', 'density')", $\rho_S$, 0.968, 0.0418, $\tau_K$, 0.888, 0.0637, 
100, adjacency, BA, 20, 8, 0.653, 2.22e-16, zfs_transf, random, [0.648 ± 0.00151, 0.794 ± 0.00401],  0.35, " ('sys_mat_spec_dist', 'random')", $\rho_S$, 0.00417, 0.0999, $\tau_K$, 0.00324, 0.0679, " ('sys_mat_spec_dist', 'Wc_spec_dist')", $\rho_S$, 0.848, 0.0422, $\tau_K$, 0.664, 0.0479, " ('sys_mat_spec_dist', 'density')", $\rho_S$, 0.852, 0.0407, $\tau_K$, 0.681, 0.046, " ('Wc_spec_dist', 'density')", $\rho_S$, 0.991, 0.00243, $\tau_K$, 0.937, 0.0098, 
100, adjacency, connected_ER, 20, 0.7, 0.701, 0.0353, zfs_new, random, [0.697 ± 0.0353, 0.82 ± 0.022],  0.35, " ('sys_mat_spec_dist', 'random')", $\rho_S$, 0.017, 0.0886, $\tau_K$, 0.0115, 0.0592, " ('sys_mat_spec_dist', 'Wc_spec_dist')", $\rho_S$, 0.93, 0.0294, $\tau_K$, 0.777, 0.0446, " ('sys_mat_spec_dist', 'density')", $\rho_S$, 0.923, 0.0289, $\tau_K$, 0.781, 0.0428, " ('Wc_spec_dist', 'density')", $\rho_S$, 0.995, 0.00176, $\tau_K$, 0.955, 0.00791, 
100, adjacency, connected_RG, 20, 0.75, 0.804, 0.0601, zfs_new, random, [0.799 ± 0.06, 0.881 ± 0.0358],  0.35, " ('sys_mat_spec_dist', 'random')", $\rho_S$, 0.00728, 0.106, $\tau_K$, 0.00558, 0.0711, " ('sys_mat_spec_dist', 'Wc_spec_dist')", $\rho_S$, 0.719, 0.0839, $\tau_K$, 0.52, 0.0764, " ('sys_mat_spec_dist', 'density')", $\rho_S$, 0.787, 0.0639, $\tau_K$, 0.623, 0.0642, " ('Wc_spec_dist', 'density')", $\rho_S$, 0.964, 0.0444, $\tau_K$, 0.882, 0.0653, 
100, adjacency, BA, 20, 8, 0.653, 2.22e-16, zfs_new, random, [0.648 ± 0.00151, 0.794 ± 0.00406],  0.35, " ('sys_mat_spec_dist', 'random')", $\rho_S$, 0.00609, 0.0823, $\tau_K$, 0.00426, 0.0557, " ('sys_mat_spec_dist', 'Wc_spec_dist')", $\rho_S$, 0.842, 0.0453, $\tau_K$, 0.655, 0.0502, " ('sys_mat_spec_dist', 'density')", $\rho_S$, 0.846, 0.043, $\tau_K$, 0.674, 0.0488, " ('Wc_spec_dist', 'density')", $\rho_S$, 0.99, 0.00247, $\tau_K$, 0.93, 0.00918, 
100, neg_laplacian, connected_ER, 20, 0.7, 0.701, 0.0353, identity, random, [0.697 ± 0.0351, 0.82 ± 0.0222],  0.35, " ('sys_mat_spec_dist', 'random')", $\rho_S$, -0.00138, 0.102, $\tau_K$, -0.00143, 0.0694, " ('sys_mat_spec_dist', 'Wc_spec_dist')", $\rho_S$, 0.994, 0.00183, $\tau_K$, 0.939, 0.009, " ('sys_mat_spec_dist', 'density')", $\rho_S$, 0.997, 0.00113, $\tau_K$, 0.971, 0.00625, " ('Wc_spec_dist', 'density')", $\rho_S$, 0.993, 0.00221, $\tau_K$, 0.947, 0.00903, 
100, neg_laplacian, connected_RG, 20, 0.75, 0.804, 0.0601, identity, random, [0.799 ± 0.0599, 0.881 ± 0.0357],  0.35, " ('sys_mat_spec_dist', 'random')", $\rho_S$, 0.00609, 0.111, $\tau_K$, 0.00325, 0.0746, " ('sys_mat_spec_dist', 'Wc_spec_dist')", $\rho_S$, 0.994, 0.00224, $\tau_K$, 0.941, 0.0115, " ('sys_mat_spec_dist', 'density')", $\rho_S$, 0.978, 0.0245, $\tau_K$, 0.906, 0.0476, " ('Wc_spec_dist', 'density')", $\rho_S$, 0.977, 0.0196, $\tau_K$, 0.902, 0.0383, 
100, neg_laplacian, BA, 20, 8, 0.653, 2.22e-16, identity, random, [0.648 ± 0.00198, 0.793 ± 0.00458],  0.35, " ('sys_mat_spec_dist', 'random')", $\rho_S$, -0.00725, 0.0985, $\tau_K$, -0.00516, 0.0655, " ('sys_mat_spec_dist', 'Wc_spec_dist')", $\rho_S$, 0.995, 0.00156, $\tau_K$, 0.946, 0.00874, " ('sys_mat_spec_dist', 'density')", $\rho_S$, 0.996, 0.00213, $\tau_K$, 0.965, 0.0115, " ('Wc_spec_dist', 'density')", $\rho_S$, 0.991, 0.00244, $\tau_K$, 0.939, 0.00994, 
100, neg_laplacian, connected_ER, 20, 0.7, 0.701, 0.0353, zfs, random, [0.697 ± 0.0354, 0.82 ± 0.0217],  0.35, " ('sys_mat_spec_dist', 'random')", $\rho_S$, -0.00263, 0.101, $\tau_K$, -0.00182, 0.0683, " ('sys_mat_spec_dist', 'Wc_spec_dist')", $\rho_S$, 0.965, 0.00996, $\tau_K$, 0.844, 0.0231, " ('sys_mat_spec_dist', 'density')", $\rho_S$, 0.997, 0.00126, $\tau_K$, 0.971, 0.00651, " ('Wc_spec_dist', 'density')", $\rho_S$, 0.964, 0.0107, $\tau_K$, 0.855, 0.0246, 
100, neg_laplacian, connected_RG, 20, 0.75, 0.804, 0.0601, zfs, random, [0.799 ± 0.06, 0.881 ± 0.0358],  0.35, " ('sys_mat_spec_dist', 'random')", $\rho_S$, -0.0126, 0.091, $\tau_K$, -0.00882, 0.0617, " ('sys_mat_spec_dist', 'Wc_spec_dist')", $\rho_S$, 0.954, 0.0419, $\tau_K$, 0.83, 0.0648, " ('sys_mat_spec_dist', 'density')", $\rho_S$, 0.977, 0.0266, $\tau_K$, 0.905, 0.0502, " ('Wc_spec_dist', 'density')", $\rho_S$, 0.938, 0.0544, $\tau_K$, 0.819, 0.0726, 
100, neg_laplacian, BA, 20, 8, 0.653, 2.22e-16, zfs, random, [0.648 ± 0.00134, 0.794 ± 0.00428],  0.35, " ('sys_mat_spec_dist', 'random')", $\rho_S$, -0.000219, 0.108, $\tau_K$, -0.000252, 0.0729, " ('sys_mat_spec_dist', 'Wc_spec_dist')", $\rho_S$, 0.859, 0.0518, $\tau_K$, 0.68, 0.061, " ('sys_mat_spec_dist', 'density')", $\rho_S$, 0.996, 0.00223, $\tau_K$, 0.966, 0.0119, " ('Wc_spec_dist', 'density')", $\rho_S$, 0.855, 0.0517, $\tau_K$, 0.684, 0.0611, 
100, neg_laplacian, connected_ER, 20, 0.7, 0.701, 0.0353, zfs_transf, random, [0.697 ± 0.0352, 0.82 ± 0.0218],  0.35, " ('sys_mat_spec_dist', 'random')", $\rho_S$, -0.00708, 0.108, $\tau_K$, -0.00449, 0.0732, " ('sys_mat_spec_dist', 'Wc_spec_dist')", $\rho_S$, 0.992, 0.00412, $\tau_K$, 0.934, 0.0154, " ('sys_mat_spec_dist', 'density')", $\rho_S$, 0.997, 0.00109, $\tau_K$, 0.971, 0.00613, " ('Wc_spec_dist', 'density')", $\rho_S$, 0.993, 0.00506, $\tau_K$, 0.948, 0.0149, 
100, neg_laplacian, connected_RG, 20, 0.75, 0.804, 0.0601, zfs_transf, random, [0.799 ± 0.0601, 0.881 ± 0.0355],  0.35, " ('sys_mat_spec_dist', 'random')", $\rho_S$, 0.00474, 0.0912, $\tau_K$, 0.00317, 0.0617, " ('sys_mat_spec_dist', 'Wc_spec_dist')", $\rho_S$, 0.992, 0.0054, $\tau_K$, 0.932, 0.021, " ('sys_mat_spec_dist', 'density')", $\rho_S$, 0.978, 0.0246, $\tau_K$, 0.907, 0.0485, " ('Wc_spec_dist', 'density')", $\rho_S$, 0.978, 0.0196, $\tau_K$, 0.903, 0.0392, 
100, neg_laplacian, BA, 20, 8, 0.653, 2.22e-16, zfs_transf, random, [0.648 ± 0.00165, 0.793 ± 0.00439],  0.35, " ('sys_mat_spec_dist', 'random')", $\rho_S$, 0.0114, 0.0874, $\tau_K$, 0.00762, 0.0587, " ('sys_mat_spec_dist', 'Wc_spec_dist')", $\rho_S$, 0.996, 0.00184, $\tau_K$, 0.954, 0.0111, " ('sys_mat_spec_dist', 'density')", $\rho_S$, 0.996, 0.00225, $\tau_K$, 0.965, 0.0111, " ('Wc_spec_dist', 'density')", $\rho_S$, 0.996, 0.00193, $\tau_K$, 0.962, 0.0104, 
100, neg_laplacian, connected_ER, 20, 0.7, 0.701, 0.0353, zfs_new, random, [0.696 ± 0.0353, 0.82 ± 0.0215],  0.35, " ('sys_mat_spec_dist', 'random')", $\rho_S$, -0.0134, 0.0967, $\tau_K$, -0.00882, 0.066, " ('sys_mat_spec_dist', 'Wc_spec_dist')", $\rho_S$, 0.963, 0.0134, $\tau_K$, 0.841, 0.0293, " ('sys_mat_spec_dist', 'density')", $\rho_S$, 0.997, 0.00147, $\tau_K$, 0.971, 0.00723, " ('Wc_spec_dist', 'density')", $\rho_S$, 0.962, 0.0139, $\tau_K$, 0.852, 0.0297, 
100, neg_laplacian, connected_RG, 20, 0.75, 0.804, 0.0601, zfs_new, random, [0.799 ± 0.06, 0.881 ± 0.0357],  0.35, " ('sys_mat_spec_dist', 'random')", $\rho_S$, -0.00175, 0.101, $\tau_K$, -0.00153, 0.0686, " ('sys_mat_spec_dist', 'Wc_spec_dist')", $\rho_S$, 0.956, 0.0329, $\tau_K$, 0.832, 0.0575, " ('sys_mat_spec_dist', 'density')", $\rho_S$, 0.978, 0.0236, $\tau_K$, 0.908, 0.0463, " ('Wc_spec_dist', 'density')", $\rho_S$, 0.939, 0.0444, $\tau_K$, 0.82, 0.0651, 
100, neg_laplacian, BA, 20, 8, 0.653, 2.22e-16, zfs_new, random, [0.648 ± 0.00151, 0.794 ± 0.00412],  0.35, " ('sys_mat_spec_dist', 'random')", $\rho_S$, -0.00535, 0.101, $\tau_K$, -0.0034, 0.0686, " ('sys_mat_spec_dist', 'Wc_spec_dist')", $\rho_S$, 0.865, 0.0479, $\tau_K$, 0.686, 0.0548, " ('sys_mat_spec_dist', 'density')", $\rho_S$, 0.996, 0.00195, $\tau_K$, 0.965, 0.0105, " ('Wc_spec_dist', 'density')", $\rho_S$, 0.86, 0.0489, $\tau_K$, 0.689, 0.0563, 
100, adjacency, connected_ER, 20, 0.3, 0.297, 0.0291, all_ones, random, [0.293 ± 0.0295, 0.427 ± 0.0418],  0.4, " ('sys_mat_spec_dist', 'random')", $\rho_S$, -0.00284, 0.106, $\tau_K$, -0.00226, 0.0721, " ('sys_mat_spec_dist', 'Wc_spec_dist')", $\rho_S$, 0.869, 0.0305, $\tau_K$, 0.685, 0.0384, " ('sys_mat_spec_dist', 'density')", $\rho_S$, 0.888, 0.0308, $\tau_K$, 0.726, 0.041, " ('Wc_spec_dist', 'density')", $\rho_S$, 0.976, 0.0111, $\tau_K$, 0.885, 0.0262, 
100, adjacency, connected_RG, 20, 0.25, 0.182, 0.0273, all_ones, random, [0.177 ± 0.0275, 0.261 ± 0.0404],  0.4, " ('sys_mat_spec_dist', 'random')", $\rho_S$, -0.0103, 0.0967, $\tau_K$, -0.00705, 0.0649, " ('sys_mat_spec_dist', 'Wc_spec_dist')", $\rho_S$, 0.745, 0.143, $\tau_K$, 0.559, 0.124, " ('sys_mat_spec_dist', 'density')", $\rho_S$, 0.858, 0.0433, $\tau_K$, 0.7, 0.0484, " ('Wc_spec_dist', 'density')", $\rho_S$, 0.872, 0.135, $\tau_K$, 0.722, 0.138, 
100, adjacency, BA, 20, 3, 0.289, 1.11e-16, all_ones, random, [0.285 ± 0.00193, 0.412 ± 0.0042],  0.4, " ('sys_mat_spec_dist', 'random')", $\rho_S$, 0.012, 0.108, $\tau_K$, 0.0081, 0.0728, " ('sys_mat_spec_dist', 'Wc_spec_dist')", $\rho_S$, 0.825, 0.0418, $\tau_K$, 0.627, 0.0454, " ('sys_mat_spec_dist', 'density')", $\rho_S$, 0.919, 0.0271, $\tau_K$, 0.771, 0.0395, " ('Wc_spec_dist', 'density')", $\rho_S$, 0.931, 0.0232, $\tau_K$, 0.791, 0.036, 
100, adjacency, connected_ER, 20, 0.3, 0.297, 0.0291, identity, random, [0.292 ± 0.0292, 0.427 ± 0.0416],  0.4, " ('sys_mat_spec_dist', 'random')", $\rho_S$, -0.00417, 0.0982, $\tau_K$, -0.00251, 0.0656, " ('sys_mat_spec_dist', 'Wc_spec_dist')", $\rho_S$, 0.866, 0.0273, $\tau_K$, 0.68, 0.0318, " ('sys_mat_spec_dist', 'density')", $\rho_S$, 0.885, 0.0293, $\tau_K$, 0.722, 0.0377, " ('Wc_spec_dist', 'density')", $\rho_S$, 0.972, 0.0118, $\tau_K$, 0.875, 0.0273, 
100, adjacency, connected_RG, 20, 0.25, 0.182, 0.0273, identity, random, [0.177 ± 0.0276, 0.261 ± 0.0405],  0.4, " ('sys_mat_spec_dist', 'random')", $\rho_S$, -0.0112, 0.0953, $\tau_K$, -0.00768, 0.0646, " ('sys_mat_spec_dist', 'Wc_spec_dist')", $\rho_S$, 0.67, 0.217, $\tau_K$, 0.495, 0.171, " ('sys_mat_spec_dist', 'density')", $\rho_S$, 0.857, 0.0402, $\tau_K$, 0.698, 0.0475, " ('Wc_spec_dist', 'density')", $\rho_S$, 0.757, 0.252, $\tau_K$, 0.604, 0.222, 
100, adjacency, BA, 20, 3, 0.289, 1.11e-16, identity, random, [0.285 ± 0.00198, 0.412 ± 0.00453],  0.4, " ('sys_mat_spec_dist', 'random')", $\rho_S$, 0.00953, 0.108, $\tau_K$, 0.00571, 0.0724, " ('sys_mat_spec_dist', 'Wc_spec_dist')", $\rho_S$, 0.816, 0.0397, $\tau_K$, 0.615, 0.0442, " ('sys_mat_spec_dist', 'density')", $\rho_S$, 0.92, 0.022, $\tau_K$, 0.771, 0.0338, " ('Wc_spec_dist', 'density')", $\rho_S$, 0.919, 0.0267, $\tau_K$, 0.771, 0.0379, 
100, adjacency, connected_ER, 20, 0.3, 0.297, 0.0291, zfs, random, [0.292 ± 0.0293, 0.427 ± 0.0415],  0.4, " ('sys_mat_spec_dist', 'random')", $\rho_S$, 0.00734, 0.104, $\tau_K$, 0.00424, 0.0703, " ('sys_mat_spec_dist', 'Wc_spec_dist')", $\rho_S$, 0.862, 0.0385, $\tau_K$, 0.677, 0.0434, " ('sys_mat_spec_dist', 'density')", $\rho_S$, 0.885, 0.0354, $\tau_K$, 0.723, 0.0438, " ('Wc_spec_dist', 'density')", $\rho_S$, 0.97, 0.0117, $\tau_K$, 0.869, 0.0276, 
100, adjacency, connected_RG, 20, 0.25, 0.182, 0.0273, zfs, random, [0.177 ± 0.0275, 0.262 ± 0.0405],  0.4, " ('sys_mat_spec_dist', 'random')", $\rho_S$, -0.00282, 0.101, $\tau_K$, -0.00209, 0.0671, " ('sys_mat_spec_dist', 'Wc_spec_dist')", $\rho_S$, 0.645, 0.2, $\tau_K$, 0.472, 0.156, " ('sys_mat_spec_dist', 'density')", $\rho_S$, 0.861, 0.0397, $\tau_K$, 0.705, 0.0463, " ('Wc_spec_dist', 'density')", $\rho_S$, 0.729, 0.267, $\tau_K$, 0.576, 0.228, 
100, adjacency, BA, 20, 3, 0.289, 1.11e-16, zfs, random, [0.285 ± 0.00165, 0.412 ± 0.0035],  0.4, " ('sys_mat_spec_dist', 'random')", $\rho_S$, -0.00782, 0.103, $\tau_K$, -0.0052, 0.069, " ('sys_mat_spec_dist', 'Wc_spec_dist')", $\rho_S$, 0.761, 0.0523, $\tau_K$, 0.561, 0.0507, " ('sys_mat_spec_dist', 'density')", $\rho_S$, 0.921, 0.0204, $\tau_K$, 0.772, 0.0303, " ('Wc_spec_dist', 'density')", $\rho_S$, 0.866, 0.0431, $\tau_K$, 0.696, 0.0519, 
100, adjacency, connected_ER, 20, 0.3, 0.297, 0.0291, zfs_transf, random, [0.292 ± 0.0295, 0.426 ± 0.0413],  0.4, " ('sys_mat_spec_dist', 'random')", $\rho_S$, -0.00568, 0.112, $\tau_K$, -0.00373, 0.0749, " ('sys_mat_spec_dist', 'Wc_spec_dist')", $\rho_S$, 0.864, 0.0329, $\tau_K$, 0.678, 0.0378, " ('sys_mat_spec_dist', 'density')", $\rho_S$, 0.886, 0.0333, $\tau_K$, 0.724, 0.0435, " ('Wc_spec_dist', 'density')", $\rho_S$, 0.971, 0.011, $\tau_K$, 0.871, 0.0263, 
100, adjacency, connected_RG, 20, 0.25, 0.182, 0.0273, zfs_transf, random, [0.177 ± 0.0275, 0.261 ± 0.0404],  0.4, " ('sys_mat_spec_dist', 'random')", $\rho_S$, -0.00591, 0.0869, $\tau_K$, -0.00398, 0.0585, " ('sys_mat_spec_dist', 'Wc_spec_dist')", $\rho_S$, 0.673, 0.203, $\tau_K$, 0.498, 0.162, " ('sys_mat_spec_dist', 'density')", $\rho_S$, 0.85, 0.0412, $\tau_K$, 0.691, 0.0467, " ('Wc_spec_dist', 'density')", $\rho_S$, 0.761, 0.253, $\tau_K$, 0.607, 0.223, 
100, adjacency, BA, 20, 3, 0.289, 1.11e-16, zfs_transf, random, [0.285 ± 0.00198, 0.413 ± 0.00435],  0.4, " ('sys_mat_spec_dist', 'random')", $\rho_S$, 0.0101, 0.103, $\tau_K$, 0.00776, 0.0701, " ('sys_mat_spec_dist', 'Wc_spec_dist')", $\rho_S$, 0.813, 0.0433, $\tau_K$, 0.614, 0.045, " ('sys_mat_spec_dist', 'density')", $\rho_S$, 0.92, 0.0252, $\tau_K$, 0.773, 0.0377, " ('Wc_spec_dist', 'density')", $\rho_S$, 0.917, 0.0316, $\tau_K$, 0.768, 0.0437, 
100, adjacency, connected_ER, 20, 0.3, 0.297, 0.0291, zfs_new, random, [0.292 ± 0.0292, 0.427 ± 0.0414],  0.4, " ('sys_mat_spec_dist', 'random')", $\rho_S$, 0.00107, 0.108, $\tau_K$, -0.000133, 0.073, " ('sys_mat_spec_dist', 'Wc_spec_dist')", $\rho_S$, 0.865, 0.0344, $\tau_K$, 0.678, 0.0411, " ('sys_mat_spec_dist', 'density')", $\rho_S$, 0.887, 0.0326, $\tau_K$, 0.724, 0.0414, " ('Wc_spec_dist', 'density')", $\rho_S$, 0.971, 0.0109, $\tau_K$, 0.869, 0.0268, 
100, adjacency, connected_RG, 20, 0.25, 0.182, 0.0273, zfs_new, random, [0.177 ± 0.0274, 0.261 ± 0.0408],  0.4, " ('sys_mat_spec_dist', 'random')", $\rho_S$, 0.0102, 0.103, $\tau_K$, 0.00731, 0.0703, " ('sys_mat_spec_dist', 'Wc_spec_dist')", $\rho_S$, 0.653, 0.202, $\tau_K$, 0.48, 0.161, " ('sys_mat_spec_dist', 'density')", $\rho_S$, 0.857, 0.0378, $\tau_K$, 0.698, 0.0444, " ('Wc_spec_dist', 'density')", $\rho_S$, 0.732, 0.254, $\tau_K$, 0.578, 0.218, 
100, adjacency, BA, 20, 3, 0.289, 1.11e-16, zfs_new, random, [0.286 ± 0.00236, 0.412 ± 0.0044],  0.4, " ('sys_mat_spec_dist', 'random')", $\rho_S$, 0.00791, 0.0959, $\tau_K$, 0.00538, 0.0648, " ('sys_mat_spec_dist', 'Wc_spec_dist')", $\rho_S$, 0.763, 0.0568, $\tau_K$, 0.564, 0.0545, " ('sys_mat_spec_dist', 'density')", $\rho_S$, 0.92, 0.0232, $\tau_K$, 0.771, 0.0347, " ('Wc_spec_dist', 'density')", $\rho_S$, 0.866, 0.0483, $\tau_K$, 0.698, 0.0569, 
100, neg_laplacian, connected_ER, 20, 0.3, 0.297, 0.0291, identity, random, [0.292 ± 0.0293, 0.426 ± 0.0413],  0.4, " ('sys_mat_spec_dist', 'random')", $\rho_S$, 0.000161, 0.0769, $\tau_K$, 0.000168, 0.0519, " ('sys_mat_spec_dist', 'Wc_spec_dist')", $\rho_S$, 0.959, 0.0181, $\tau_K$, 0.839, 0.0331, " ('sys_mat_spec_dist', 'density')", $\rho_S$, 0.997, 0.00108, $\tau_K$, 0.973, 0.00614, " ('Wc_spec_dist', 'density')", $\rho_S$, 0.957, 0.02, $\tau_K$, 0.847, 0.0332, 
100, neg_laplacian, connected_RG, 20, 0.25, 0.182, 0.0273, identity, random, [0.177 ± 0.0277, 0.261 ± 0.0402],  0.4, " ('sys_mat_spec_dist', 'random')", $\rho_S$, 0.0015, 0.0825, $\tau_K$, 0.00152, 0.0564, " ('sys_mat_spec_dist', 'Wc_spec_dist')", $\rho_S$, 0.911, 0.0323, $\tau_K$, 0.751, 0.0472, " ('sys_mat_spec_dist', 'density')", $\rho_S$, 0.989, 0.00589, $\tau_K$, 0.94, 0.0181, " ('Wc_spec_dist', 'density')", $\rho_S$, 0.92, 0.0274, $\tau_K$, 0.783, 0.0397, 
100, neg_laplacian, BA, 20, 3, 0.289, 1.11e-16, identity, random, [0.285 ± 0.00202, 0.413 ± 0.00435],  0.4, " ('sys_mat_spec_dist', 'random')", $\rho_S$, 0.0108, 0.101, $\tau_K$, 0.00787, 0.0683, " ('sys_mat_spec_dist', 'Wc_spec_dist')", $\rho_S$, 0.965, 0.0157, $\tau_K$, 0.862, 0.0216, " ('sys_mat_spec_dist', 'density')", $\rho_S$, 0.987, 0.00558, $\tau_K$, 0.924, 0.0216, " ('Wc_spec_dist', 'density')", $\rho_S$, 0.952, 0.0189, $\tau_K$, 0.843, 0.0231, 
100, neg_laplacian, connected_ER, 20, 0.3, 0.297, 0.0291, zfs, random, [0.293 ± 0.0295, 0.427 ± 0.0415],  0.4, " ('sys_mat_spec_dist', 'random')", $\rho_S$, -0.00239, 0.0969, $\tau_K$, -0.00182, 0.066, " ('sys_mat_spec_dist', 'Wc_spec_dist')", $\rho_S$, 0.854, 0.0588, $\tau_K$, 0.677, 0.0674, " ('sys_mat_spec_dist', 'density')", $\rho_S$, 0.998, 0.00105, $\tau_K$, 0.973, 0.00603, " ('Wc_spec_dist', 'density')", $\rho_S$, 0.852, 0.06, $\tau_K$, 0.686, 0.0684, 
