n_graphs, sys_matrix, graph_type, n_nodes, graph_param, density_avg, density_std, input, edge_score, quantity_pair_in_quotations, metric_1, corr_coef_avg_1, corr_coef_std_1, metric_2, corr_coef_avg_2, corr_coef_std_2
100, neg_laplacian, connected_ER, 20, 0.3, 0.3, 0.0344, identity, random, " ('sys_mat_spec_dist', 'Wc_spec_dist')", spearmanr, 0.997, 0.00419, kendalltau, 0.972, 0.0156, 
100, neg_laplacian, connected_RG, 20, 0.25, 0.184, 0.0302, identity, random, " ('sys_mat_spec_dist', 'Wc_spec_dist')", spearmanr, 0.999, 0.00117, kendalltau, 0.99, 0.00619, 
100, neg_laplacian, BA, 20, 3, 0.289, 1.11E-16, identity, random, " ('sys_mat_spec_dist', 'Wc_spec_dist')", spearmanr, 0.998, 0.00272, kendalltau, 0.977, 0.0108, 
100, neg_laplacian, connected_ER, 20, 0.3, 0.3, 0.0344, zfs, random, " ('sys_mat_spec_dist', 'Wc_spec_dist')", spearmanr, 0.987, 0.0233, kendalltau, 0.936, 0.0395, 
100, neg_laplacian, connected_RG, 20, 0.25, 0.184, 0.0302, zfs, random, " ('sys_mat_spec_dist', 'Wc_spec_dist')", spearmanr, 0.998, 0.00343, kendalltau, 0.978, 0.0129, 
100, neg_laplacian, BA, 20, 3, 0.289, 1.11E-16, zfs, random, " ('sys_mat_spec_dist', 'Wc_spec_dist')", spearmanr, 0.971, 0.0384, kendalltau, 0.9, 0.0622, 
100, neg_laplacian, connected_ER, 20, 0.3, 0.3, 0.0344, zfs_transf, random, " ('sys_mat_spec_dist', 'Wc_spec_dist')", spearmanr, 0.996, 0.00679, kendalltau, 0.965, 0.0223, 
100, neg_laplacian, connected_RG, 20, 0.25, 0.184, 0.0302, zfs_transf, random, " ('sys_mat_spec_dist', 'Wc_spec_dist')", spearmanr, 0.999, 0.00918, kendalltau, 0.988, 0.0184, 
100, neg_laplacian, BA, 20, 3, 0.289, 1.11E-16, zfs_transf, random, " ('sys_mat_spec_dist', 'Wc_spec_dist')", spearmanr, 0.999, 0.00214, kendalltau, 0.981, 0.00809, 
100, neg_laplacian, connected_ER, 20, 0.3, 0.3, 0.0344, zfs_new, random, " ('sys_mat_spec_dist', 'Wc_spec_dist')", spearmanr, 0.989, 0.0143, kendalltau, 0.94, 0.034, 
100, neg_laplacian, connected_RG, 20, 0.25, 0.184, 0.0302, zfs_new, random, " ('sys_mat_spec_dist', 'Wc_spec_dist')", spearmanr, 0.996, 0.00552, kendalltau, 0.975, 0.0176, 
100, neg_laplacian, BA, 20, 3, 0.289, 1.11E-16, zfs_new, random, " ('sys_mat_spec_dist', 'Wc_spec_dist')", spearmanr, 0.972, 0.0292, kendalltau, 0.9, 0.0528, 
100, neg_laplacian, connected_ER, 20, 0.5, 0.505, 0.0365, identity, random, " ('sys_mat_spec_dist', 'Wc_spec_dist')", spearmanr, 0.895, 0.101, kendalltau, 0.76, 0.117, 
100, neg_laplacian, connected_RG, 20, 0.5, 0.484, 0.0644, identity, random, " ('sys_mat_spec_dist', 'Wc_spec_dist')", spearmanr, 0.897, 0.124, kendalltau, 0.781, 0.151, 
100, neg_laplacian, BA, 20, 5, 0.447, 0, identity, random, " ('sys_mat_spec_dist', 'Wc_spec_dist')", spearmanr, 0.963, 0.0441, kendalltau, 0.874, 0.0701, 
100, neg_laplacian, connected_ER, 20, 0.5, 0.505, 0.0365, zfs, random, " ('sys_mat_spec_dist', 'Wc_spec_dist')", spearmanr, 0.691, 0.326, kendalltau, 0.558, 0.278, 
100, neg_laplacian, connected_RG, 20, 0.5, 0.484, 0.0644, zfs, random, " ('sys_mat_spec_dist', 'Wc_spec_dist')", spearmanr, 0.785, 0.208, kendalltau, 0.651, 0.208, 
100, neg_laplacian, BA, 20, 5, 0.447, 0, zfs, random, " ('sys_mat_spec_dist', 'Wc_spec_dist')", spearmanr, 0.574, 0.253, kendalltau, 0.429, 0.204, 
100, neg_laplacian, connected_ER, 20, 0.5, 0.505, 0.0365, zfs_transf, random, " ('sys_mat_spec_dist', 'Wc_spec_dist')", spearmanr, 0.915, 0.0795, kendalltau, 0.783, 0.109, 
100, neg_laplacian, connected_RG, 20, 0.5, 0.484, 0.0644, zfs_transf, random, " ('sys_mat_spec_dist', 'Wc_spec_dist')", spearmanr, 0.862, 0.165, kendalltau, 0.744, 0.188, 
100, neg_laplacian, BA, 20, 5, 0.447, 0, zfs_transf, random, " ('sys_mat_spec_dist', 'Wc_spec_dist')", spearmanr, 0.983, 0.0172, kendalltau, 0.911, 0.0424, 
100, neg_laplacian, connected_ER, 20, 0.5, 0.505, 0.0365, zfs_new, random, " ('sys_mat_spec_dist', 'Wc_spec_dist')", spearmanr, 0.728, 0.238, kendalltau, 0.582, 0.213, 
100, neg_laplacian, connected_RG, 20, 0.5, 0.484, 0.0644, zfs_new, random, " ('sys_mat_spec_dist', 'Wc_spec_dist')", spearmanr, 0.768, 0.225, kendalltau, 0.634, 0.218, 
100, neg_laplacian, BA, 20, 5, 0.447, 0, zfs_new, random, " ('sys_mat_spec_dist', 'Wc_spec_dist')", spearmanr, 0.554, 0.267, kendalltau, 0.414, 0.211, 
100, neg_laplacian, connected_ER, 20, 0.7, 0.698, 0.0325, identity, random, " ('sys_mat_spec_dist', 'Wc_spec_dist')", spearmanr, 0.998, 0.00257, kendalltau, 0.974, 0.0134, 
100, neg_laplacian, connected_RG, 20, 0.75, 0.79, 0.0612, identity, random, " ('sys_mat_spec_dist', 'Wc_spec_dist')", spearmanr, 0.999, 0.00169, kendalltau, 0.987, 0.0109, 
100, neg_laplacian, BA, 20, 8, 0.653, 2.22E-16, identity, random, " ('sys_mat_spec_dist', 'Wc_spec_dist')", spearmanr, 0.992, 0.00828, kendalltau, 0.946, 0.0242, 
100, neg_laplacian, connected_ER, 20, 0.7, 0.698, 0.0325, zfs, random, " ('sys_mat_spec_dist', 'Wc_spec_dist')", spearmanr, 0.993, 0.0119, kendalltau, 0.958, 0.0306, 
100, neg_laplacian, connected_RG, 20, 0.75, 0.79, 0.0612, zfs, random, " ('sys_mat_spec_dist', 'Wc_spec_dist')", spearmanr, 0.997, 0.00688, kendalltau, 0.98, 0.0215, 
100, neg_laplacian, BA, 20, 8, 0.653, 2.22E-16, zfs, random, " ('sys_mat_spec_dist', 'Wc_spec_dist')", spearmanr, 0.988, 0.0164, kendalltau, 0.935, 0.0328, 
100, neg_laplacian, connected_ER, 20, 0.7, 0.698, 0.0325, zfs_transf, random, " ('sys_mat_spec_dist', 'Wc_spec_dist')", spearmanr, 0.997, 0.00456, kendalltau, 0.973, 0.0168, 
100, neg_laplacian, connected_RG, 20, 0.75, 0.79, 0.0612, zfs_transf, random, " ('sys_mat_spec_dist', 'Wc_spec_dist')", spearmanr, 0.999, 0.00331, kendalltau, 0.985, 0.0156, 
100, neg_laplacian, BA, 20, 8, 0.653, 2.22E-16, zfs_transf, random, " ('sys_mat_spec_dist', 'Wc_spec_dist')", spearmanr, 0.998, 0.00131, kendalltau, 0.973, 0.00748, 
100, neg_laplacian, connected_ER, 20, 0.7, 0.698, 0.0325, zfs_new, random, " ('sys_mat_spec_dist', 'Wc_spec_dist')", spearmanr, 0.995, 0.00863, kendalltau, 0.961, 0.0226, 
100, neg_laplacian, connected_RG, 20, 0.75, 0.79, 0.0612, zfs_new, random, " ('sys_mat_spec_dist', 'Wc_spec_dist')", spearmanr, 0.998, 0.00327, kendalltau, 0.983, 0.0159, 
100, neg_laplacian, BA, 20, 8, 0.653, 2.22E-16, zfs_new, random, " ('sys_mat_spec_dist', 'Wc_spec_dist')", spearmanr, 0.989, 0.0136, kendalltau, 0.938, 0.0298, 
100, adjacency, connected_ER, 20, 0.3, 0.297, 0.0291, all_ones, random, " ('sys_mat_spec_dist', 'Wc_spec_dist')", spearmanr, 0.978, 0.0216, kendalltau, 0.893, 0.044, 
100, adjacency, connected_RG, 20, 0.25, 0.182, 0.0273, all_ones, random, " ('sys_mat_spec_dist', 'Wc_spec_dist')", spearmanr, 0.974, 0.0196, kendalltau, 0.89, 0.043, 
100, adjacency, BA, 20, 3, 0.289, 1.11E-16, all_ones, random, " ('sys_mat_spec_dist', 'Wc_spec_dist')", spearmanr, 0.975, 0.0194, kendalltau, 0.883, 0.0395, 
100, adjacency, connected_ER, 20, 0.3, 0.297, 0.0291, identity, random, " ('sys_mat_spec_dist', 'Wc_spec_dist')", spearmanr, 0.977, 0.0197, kendalltau, 0.891, 0.0458, 
100, adjacency, connected_RG, 20, 0.25, 0.182, 0.0273, identity, random, " ('sys_mat_spec_dist', 'Wc_spec_dist')", spearmanr, 0.976, 0.0235, kendalltau, 0.896, 0.0501, 
100, adjacency, BA, 20, 3, 0.289, 1.11E-16, identity, random, " ('sys_mat_spec_dist', 'Wc_spec_dist')", spearmanr, 0.976, 0.0141, kendalltau, 0.884, 0.0327, 
100, adjacency, connected_ER, 20, 0.3, 0.297, 0.0291, zfs, random, " ('sys_mat_spec_dist', 'Wc_spec_dist')", spearmanr, 0.976, 0.0258, kendalltau, 0.889, 0.0504, 
100, adjacency, connected_RG, 20, 0.25, 0.182, 0.0273, zfs, random, " ('sys_mat_spec_dist', 'Wc_spec_dist')", spearmanr, 0.974, 0.0271, kendalltau, 0.891, 0.0534, 
100, adjacency, BA, 20, 3, 0.289, 1.11E-16, zfs, random, " ('sys_mat_spec_dist', 'Wc_spec_dist')", spearmanr, 0.976, 0.0171, kendalltau, 0.882, 0.0377, 
100, adjacency, connected_ER, 20, 0.3, 0.297, 0.0291, zfs_transf, random, " ('sys_mat_spec_dist', 'Wc_spec_dist')", spearmanr, 0.976, 0.0209, kendalltau, 0.888, 0.0464, 
100, adjacency, connected_RG, 20, 0.25, 0.182, 0.0273, zfs_transf, random, " ('sys_mat_spec_dist', 'Wc_spec_dist')", spearmanr, 0.973, 0.028, kendalltau, 0.89, 0.0537, 
100, adjacency, BA, 20, 3, 0.289, 1.11E-16, zfs_transf, random, " ('sys_mat_spec_dist', 'Wc_spec_dist')", spearmanr, 0.976, 0.0163, kendalltau, 0.884, 0.0351, 
100, adjacency, connected_ER, 20, 0.3, 0.297, 0.0291, zfs_new, random, " ('sys_mat_spec_dist', 'Wc_spec_dist')", spearmanr, 0.978, 0.018, kendalltau, 0.893, 0.042, 
100, adjacency, connected_RG, 20, 0.25, 0.182, 0.0273, zfs_new, random, " ('sys_mat_spec_dist', 'Wc_spec_dist')", spearmanr, 0.976, 0.0263, kendalltau, 0.896, 0.0499, 
100, adjacency, BA, 20, 3, 0.289, 1.11E-16, zfs_new, random, " ('sys_mat_spec_dist', 'Wc_spec_dist')", spearmanr, 0.973, 0.0236, kendalltau, 0.879, 0.0408, 
100, adjacency, connected_ER, 20, 0.5, 0.503, 0.0317, all_ones, random, " ('sys_mat_spec_dist', 'Wc_spec_dist')", spearmanr, 0.472, 0.246, kendalltau, 0.34, 0.188, 
100, adjacency, connected_RG, 20, 0.5, 0.469, 0.0669, all_ones, random, " ('sys_mat_spec_dist', 'Wc_spec_dist')", spearmanr, 0.62, 0.26, kendalltau, 0.47, 0.216, 
100, adjacency, BA, 20, 5, 0.447, 0, all_ones, random, " ('sys_mat_spec_dist', 'Wc_spec_dist')", spearmanr, 0.632, 0.21, kendalltau, 0.464, 0.166, 
100, adjacency, connected_ER, 20, 0.5, 0.503, 0.0317, identity, random, " ('sys_mat_spec_dist', 'Wc_spec_dist')", spearmanr, 0.495, 0.255, kendalltau, 0.36, 0.195, 
100, adjacency, connected_RG, 20, 0.5, 0.469, 0.0669, identity, random, " ('sys_mat_spec_dist', 'Wc_spec_dist')", spearmanr, 0.588, 0.295, kendalltau, 0.446, 0.235, 
100, adjacency, BA, 20, 5, 0.447, 0, identity, random, " ('sys_mat_spec_dist', 'Wc_spec_dist')", spearmanr, 0.604, 0.244, kendalltau, 0.445, 0.19, 
100, adjacency, connected_ER, 20, 0.5, 0.503, 0.0317, zfs, random, " ('sys_mat_spec_dist', 'Wc_spec_dist')", spearmanr, 0.522, 0.247, kendalltau, 0.379, 0.192, 
100, adjacency, connected_RG, 20, 0.5, 0.469, 0.0669, zfs, random, " ('sys_mat_spec_dist', 'Wc_spec_dist')", spearmanr, 0.613, 0.283, kendalltau, 0.467, 0.228, 
100, adjacency, BA, 20, 5, 0.447, 0, zfs, random, " ('sys_mat_spec_dist', 'Wc_spec_dist')", spearmanr, 0.598, 0.211, kendalltau, 0.437, 0.169, 
100, adjacency, connected_ER, 20, 0.5, 0.503, 0.0317, zfs_transf, random, " ('sys_mat_spec_dist', 'Wc_spec_dist')", spearmanr, 0.483, 0.264, kendalltau, 0.351, 0.202, 
100, adjacency, connected_RG, 20, 0.5, 0.469, 0.0669, zfs_transf, random, " ('sys_mat_spec_dist', 'Wc_spec_dist')", spearmanr, 0.618, 0.294, kendalltau, 0.469, 0.236, 
100, adjacency, BA, 20, 5, 0.447, 0, zfs_transf, random, " ('sys_mat_spec_dist', 'Wc_spec_dist')", spearmanr, 0.616, 0.202, kendalltau, 0.451, 0.16, 
100, adjacency, connected_ER, 20, 0.5, 0.503, 0.0317, zfs_new, random, " ('sys_mat_spec_dist', 'Wc_spec_dist')", spearmanr, 0.48, 0.24, kendalltau, 0.348, 0.183, 
100, adjacency, connected_RG, 20, 0.5, 0.469, 0.0669, zfs_new, random, " ('sys_mat_spec_dist', 'Wc_spec_dist')", spearmanr, 0.592, 0.303, kendalltau, 0.452, 0.239, 
100, adjacency, BA, 20, 5, 0.447, 0, zfs_new, random, " ('sys_mat_spec_dist', 'Wc_spec_dist')", spearmanr, 0.575, 0.211, kendalltau, 0.42, 0.166, 
100, adjacency, connected_ER, 20, 0.7, 0.701, 0.0353, all_ones, random, " ('sys_mat_spec_dist', 'Wc_spec_dist')", spearmanr, 0.966, 0.0601, kendalltau, 0.876, 0.0705, 
100, adjacency, connected_RG, 20, 0.75, 0.804, 0.0601, all_ones, random, " ('sys_mat_spec_dist', 'Wc_spec_dist')", spearmanr, 0.893, 0.0779, kendalltau, 0.769, 0.0975, 
100, adjacency, BA, 20, 8, 0.653, 2.22E-16, all_ones, random, " ('sys_mat_spec_dist', 'Wc_spec_dist')", spearmanr, 0.935, 0.0532, kendalltau, 0.809, 0.0726, 
100, adjacency, connected_ER, 20, 0.7, 0.701, 0.0353, identity, random, " ('sys_mat_spec_dist', 'Wc_spec_dist')", spearmanr, 0.97, 0.0384, kendalltau, 0.88, 0.0641, 
100, adjacency, connected_RG, 20, 0.75, 0.804, 0.0601, identity, random, " ('sys_mat_spec_dist', 'Wc_spec_dist')", spearmanr, 0.881, 0.0805, kendalltau, 0.758, 0.0966, 
100, adjacency, BA, 20, 8, 0.653, 2.22E-16, identity, random, " ('sys_mat_spec_dist', 'Wc_spec_dist')", spearmanr, 0.937, 0.0649, kendalltau, 0.814, 0.0744, 
100, adjacency, connected_ER, 20, 0.7, 0.701, 0.0353, zfs, random, " ('sys_mat_spec_dist', 'Wc_spec_dist')", spearmanr, 0.965, 0.0502, kendalltau, 0.874, 0.0709, 
100, adjacency, connected_RG, 20, 0.75, 0.804, 0.0601, zfs, random, " ('sys_mat_spec_dist', 'Wc_spec_dist')", spearmanr, 0.885, 0.078, kendalltau, 0.758, 0.0967, 
100, adjacency, BA, 20, 8, 0.653, 2.22E-16, zfs, random, " ('sys_mat_spec_dist', 'Wc_spec_dist')", spearmanr, 0.939, 0.044, kendalltau, 0.813, 0.0632, 
100, adjacency, connected_ER, 20, 0.7, 0.701, 0.0353, zfs_transf, random, " ('sys_mat_spec_dist', 'Wc_spec_dist')", spearmanr, 0.97, 0.0311, kendalltau, 0.878, 0.0523, 
100, adjacency, connected_RG, 20, 0.75, 0.804, 0.0601, zfs_transf, random, " ('sys_mat_spec_dist', 'Wc_spec_dist')", spearmanr, 0.899, 0.067, kendalltau, 0.777, 0.0878, 
100, adjacency, BA, 20, 8, 0.653, 2.22E-16, zfs_transf, random, " ('sys_mat_spec_dist', 'Wc_spec_dist')", spearmanr, 0.929, 0.0531, kendalltau, 0.802, 0.0679, 
100, adjacency, connected_ER, 20, 0.7, 0.701, 0.0353, zfs_new, random, " ('sys_mat_spec_dist', 'Wc_spec_dist')", spearmanr, 0.964, 0.0523, kendalltau, 0.874, 0.0694, 
100, adjacency, connected_RG, 20, 0.75, 0.804, 0.0601, zfs_new, random, " ('sys_mat_spec_dist', 'Wc_spec_dist')", spearmanr, 0.895, 0.0659, kendalltau, 0.771, 0.0858, 
100, adjacency, BA, 20, 8, 0.653, 2.22E-16, zfs_new, random, " ('sys_mat_spec_dist', 'Wc_spec_dist')", spearmanr, 0.927, 0.0699, kendalltau, 0.802, 0.0866, 
100, neg_laplacian, connected_ER, 20, 0.3, 0.297, 0.0291, identity, ETEC, " ('sys_mat_spec_dist', 'ETEC')", spearmanr, 0.969, 0.0282, kendalltau, 0.897, 0.0549, " ('ETEC', 'Wc_spec_dist')", spearmanr, 0.97, 0.0286, kendalltau, 0.897, 0.0557, " ('sys_mat_spec_dist', 'Wc_spec_dist')", spearmanr, 0.998, 0.00332, kendalltau, 0.975, 0.0137, 
100, neg_laplacian, connected_RG, 20, 0.25, 0.182, 0.0273, identity, ETEC, " ('sys_mat_spec_dist', 'ETEC')", spearmanr, 0.993, 0.00684, kendalltau, 0.961, 0.0208, " ('ETEC', 'Wc_spec_dist')", spearmanr, 0.993, 0.00674, kendalltau, 0.96, 0.0216, " ('sys_mat_spec_dist', 'Wc_spec_dist')", spearmanr, 1, 0.000515, kendalltau, 0.992, 0.00459, 
100, neg_laplacian, BA, 20, 3, 0.289, 1.11e-16, identity, ETEC, " ('sys_mat_spec_dist', 'ETEC')", spearmanr, 0.958, 0.0193, kendalltau, 0.878, 0.0358, " ('ETEC', 'Wc_spec_dist')", spearmanr, 0.957, 0.0221, kendalltau, 0.877, 0.0405, " ('sys_mat_spec_dist', 'Wc_spec_dist')", spearmanr, 0.999, 0.00166, kendalltau, 0.982, 0.00835, 
100, adjacency, connected_ER, 20, 0.3, 0.297, 0.0291, identity, ETEC, " ('sys_mat_spec_dist', 'ETEC')", spearmanr, 0.958, 0.0358, kendalltau, 0.862, 0.0617, " ('ETEC', 'Wc_spec_dist')", spearmanr, 0.967, 0.0286, kendalltau, 0.893, 0.055, " ('sys_mat_spec_dist', 'Wc_spec_dist')", spearmanr, 0.985, 0.0121, kendalltau, 0.919, 0.0341, 
100, adjacency, connected_RG, 20, 0.25, 0.182, 0.0273, identity, ETEC, " ('sys_mat_spec_dist', 'ETEC')", spearmanr, 0.992, 0.00533, kendalltau, 0.945, 0.0184, " ('ETEC', 'Wc_spec_dist')", spearmanr, 0.992, 0.00717, kendalltau, 0.959, 0.021, " ('sys_mat_spec_dist', 'Wc_spec_dist')", spearmanr, 0.993, 0.00528, kendalltau, 0.948, 0.0217, 
100, adjacency, BA, 20, 3, 0.289, 1.11e-16, identity, ETEC, " ('sys_mat_spec_dist', 'ETEC')", spearmanr, 0.946, 0.028, kendalltau, 0.839, 0.0439, " ('ETEC', 'Wc_spec_dist')", spearmanr, 0.957, 0.018, kendalltau, 0.874, 0.0332, " ('sys_mat_spec_dist', 'Wc_spec_dist')", spearmanr, 0.981, 0.0201, kendalltau, 0.913, 0.043, 
100, neg_laplacian, connected_ER, 20, 0.3, 0.297, 0.0291, identity, ETEC_sys_mat, " ('sys_mat_spec_dist', 'ETEC_sys_mat')", spearmanr, 0.982, 0.0186, kendalltau, 0.924, 0.0417, " ('ETEC_sys_mat', 'Wc_spec_dist')", spearmanr, 0.982, 0.02, kendalltau, 0.919, 0.043, " ('sys_mat_spec_dist', 'Wc_spec_dist')", spearmanr, 0.998, 0.00171, kendalltau, 0.979, 0.00997, 
100, neg_laplacian, connected_RG, 20, 0.25, 0.182, 0.0273, identity, ETEC_sys_mat, " ('sys_mat_spec_dist', 'ETEC_sys_mat')", spearmanr, 0.995, 0.00664, kendalltau, 0.967, 0.0212, " ('ETEC_sys_mat', 'Wc_spec_dist')", spearmanr, 0.995, 0.00595, kendalltau, 0.967, 0.0204, " ('sys_mat_spec_dist', 'Wc_spec_dist')", spearmanr, 1, 0.000669, kendalltau, 0.991, 0.00541, 
100, neg_laplacian, BA, 20, 3, 0.289, 1.11e-16, identity, ETEC_sys_mat, " ('sys_mat_spec_dist', 'ETEC_sys_mat')", spearmanr, 0.976, 0.0215, kendalltau, 0.912, 0.0411, " ('ETEC_sys_mat', 'Wc_spec_dist')", spearmanr, 0.975, 0.0218, kendalltau, 0.909, 0.0425, " ('sys_mat_spec_dist', 'Wc_spec_dist')", spearmanr, 0.998, 0.0032, kendalltau, 0.98, 0.011, 
100, neg_laplacian, connected_ER, 20, 0.5, 0.503, 0.0317, identity, ETEC, " ('sys_mat_spec_dist', 'ETEC')", spearmanr, 0.212, 0.286, kendalltau, 0.158, 0.222, " ('ETEC', 'Wc_spec_dist')", spearmanr, 0.177, 0.304, kendalltau, 0.128, 0.233, " ('sys_mat_spec_dist', 'Wc_spec_dist')", spearmanr, 0.974, 0.0362, kendalltau, 0.89, 0.063, 
100, neg_laplacian, connected_RG, 20, 0.5, 0.469, 0.0669, identity, ETEC, " ('sys_mat_spec_dist', 'ETEC')", spearmanr, 0.546, 0.238, kendalltau, 0.448, 0.205, " ('ETEC', 'Wc_spec_dist')", spearmanr, 0.577, 0.231, kendalltau, 0.457, 0.207, " ('sys_mat_spec_dist', 'Wc_spec_dist')", spearmanr, 0.977, 0.0363, kendalltau, 0.912, 0.0525, 
100, neg_laplacian, BA, 20, 5, 0.447, 0, identity, ETEC, " ('sys_mat_spec_dist', 'ETEC')", spearmanr, 0.611, 0.103, kendalltau, 0.482, 0.1, " ('ETEC', 'Wc_spec_dist')", spearmanr, 0.622, 0.107, kendalltau, 0.492, 0.104, " ('sys_mat_spec_dist', 'Wc_spec_dist')", spearmanr, 0.995, 0.00458, kendalltau, 0.954, 0.0166, 
100, adjacency, connected_ER, 20, 0.5, 0.503, 0.0317, identity, ETEC, " ('sys_mat_spec_dist', 'ETEC')", spearmanr, 0.415, 0.251, kendalltau, 0.308, 0.203, " ('ETEC', 'Wc_spec_dist')", spearmanr, 0.17, 0.301, kendalltau, 0.139, 0.227, " ('sys_mat_spec_dist', 'Wc_spec_dist')", spearmanr, 0.737, 0.219, kendalltau, 0.576, 0.186, 
100, adjacency, connected_RG, 20, 0.5, 0.469, 0.0669, identity, ETEC, " ('sys_mat_spec_dist', 'ETEC')", spearmanr, 0.945, 0.0542, kendalltau, 0.836, 0.0806, " ('ETEC', 'Wc_spec_dist')", spearmanr, 0.45, 0.321, kendalltau, 0.394, 0.245, " ('sys_mat_spec_dist', 'Wc_spec_dist')", spearmanr, 0.534, 0.307, kendalltau, 0.452, 0.233, 
100, adjacency, BA, 20, 5, 0.447, 0, identity, ETEC, " ('sys_mat_spec_dist', 'ETEC')", spearmanr, 0.62, 0.12, kendalltau, 0.468, 0.105, " ('ETEC', 'Wc_spec_dist')", spearmanr, 0.59, 0.11, kendalltau, 0.466, 0.101, " ('sys_mat_spec_dist', 'Wc_spec_dist')", spearmanr, 0.904, 0.0676, kendalltau, 0.757, 0.0808, 
100, neg_laplacian, connected_ER, 20, 0.5, 0.503, 0.0317, identity, ETEC_sys_mat, " ('sys_mat_spec_dist', 'ETEC_sys_mat')", spearmanr, 0.292, 0.329, kendalltau, 0.223, 0.254, " ('ETEC_sys_mat', 'Wc_spec_dist')", spearmanr, 0.285, 0.345, kendalltau, 0.217, 0.266, " ('sys_mat_spec_dist', 'Wc_spec_dist')", spearmanr, 0.963, 0.0426, kendalltau, 0.867, 0.0739, 
100, neg_laplacian, connected_RG, 20, 0.5, 0.469, 0.0669, identity, ETEC_sys_mat, " ('sys_mat_spec_dist', 'ETEC_sys_mat')", spearmanr, 0.53, 0.326, kendalltau, 0.416, 0.28, " ('ETEC_sys_mat', 'Wc_spec_dist')", spearmanr, 0.59, 0.297, kendalltau, 0.46, 0.264, " ('sys_mat_spec_dist', 'Wc_spec_dist')", spearmanr, 0.953, 0.0597, kendalltau, 0.863, 0.0916, 
100, neg_laplacian, BA, 20, 5, 0.447, 0, identity, ETEC_sys_mat, " ('sys_mat_spec_dist', 'ETEC_sys_mat')", spearmanr, 0.681, 0.152, kendalltau, 0.536, 0.142, " ('ETEC_sys_mat', 'Wc_spec_dist')", spearmanr, 0.715, 0.133, kendalltau, 0.565, 0.13, " ('sys_mat_spec_dist', 'Wc_spec_dist')", spearmanr, 0.988, 0.0138, kendalltau, 0.928, 0.0347, 
100, neg_laplacian, connected_ER, 20, 0.7, 0.701, 0.0353, identity, ETEC, " ('sys_mat_spec_dist', 'ETEC')", spearmanr, 0.955, 0.087, kendalltau, 0.882, 0.114, " ('ETEC', 'Wc_spec_dist')", spearmanr, 0.95, 0.0896, kendalltau, 0.871, 0.115, " ('sys_mat_spec_dist', 'Wc_spec_dist')", spearmanr, 0.993, 0.0106, kendalltau, 0.958, 0.0315, 
100, neg_laplacian, connected_RG, 20, 0.75, 0.804, 0.0601, identity, ETEC, " ('sys_mat_spec_dist', 'ETEC')", spearmanr, 0.938, 0.0741, kendalltau, 0.861, 0.111, " ('ETEC', 'Wc_spec_dist')", spearmanr, 0.921, 0.0963, kendalltau, 0.836, 0.137, " ('sys_mat_spec_dist', 'Wc_spec_dist')", spearmanr, 0.988, 0.0266, kendalltau, 0.953, 0.0476, 
100, neg_laplacian, BA, 20, 8, 0.653, 2.22e-16, identity, ETEC, " ('sys_mat_spec_dist', 'ETEC')", spearmanr, 0.611, 0.111, kendalltau, 0.469, 0.107, " ('ETEC', 'Wc_spec_dist')", spearmanr, 0.477, 0.146, kendalltau, 0.345, 0.135, " ('sys_mat_spec_dist', 'Wc_spec_dist')", spearmanr, 0.948, 0.0356, kendalltau, 0.85, 0.0536, 
100, adjacency, connected_ER, 20, 0.7, 0.701, 0.0353, identity, ETEC, " ('sys_mat_spec_dist', 'ETEC')", spearmanr, 0.923, 0.0758, kendalltau, 0.804, 0.0958, " ('ETEC', 'Wc_spec_dist')", spearmanr, 0.704, 0.347, kendalltau, 0.684, 0.27, " ('sys_mat_spec_dist', 'Wc_spec_dist')", spearmanr, 0.758, 0.241, kendalltau, 0.67, 0.202, 
100, adjacency, connected_RG, 20, 0.75, 0.804, 0.0601, identity, ETEC, " ('sys_mat_spec_dist', 'ETEC')", spearmanr, 0.982, 0.0146, kendalltau, 0.913, 0.0317, " ('ETEC', 'Wc_spec_dist')", spearmanr, 0.47, 0.419, kendalltau, 0.528, 0.325, " ('sys_mat_spec_dist', 'Wc_spec_dist')", spearmanr, 0.481, 0.417, kendalltau, 0.513, 0.324, 
100, adjacency, BA, 20, 8, 0.653, 2.22e-16, identity, ETEC, " ('sys_mat_spec_dist', 'ETEC')", spearmanr, 0.752, 0.0915, kendalltau, 0.597, 0.0902, " ('ETEC', 'Wc_spec_dist')", spearmanr, -0.19, 0.22, kendalltau, -0.0278, 0.137, " ('sys_mat_spec_dist', 'Wc_spec_dist')", spearmanr, 0.15, 0.218, kendalltau, 0.162, 0.138, 
100, neg_laplacian, connected_ER, 20, 0.7, 0.701, 0.0353, identity, ETEC_sys_mat, " ('sys_mat_spec_dist', 'ETEC_sys_mat')", spearmanr, 0.975, 0.0371, kendalltau, 0.912, 0.0659, " ('ETEC_sys_mat', 'Wc_spec_dist')", spearmanr, 0.974, 0.0359, kendalltau, 0.907, 0.0664, " ('sys_mat_spec_dist', 'Wc_spec_dist')", spearmanr, 0.997, 0.00536, kendalltau, 0.97, 0.0204, 
100, neg_laplacian, connected_RG, 20, 0.75, 0.804, 0.0601, identity, ETEC_sys_mat, " ('sys_mat_spec_dist', 'ETEC_sys_mat')", spearmanr, 0.974, 0.0364, kendalltau, 0.917, 0.0667, " ('ETEC_sys_mat', 'Wc_spec_dist')", spearmanr, 0.971, 0.0412, kendalltau, 0.913, 0.0727, " ('sys_mat_spec_dist', 'Wc_spec_dist')", spearmanr, 0.996, 0.00688, kendalltau, 0.974, 0.0234, 
100, neg_laplacian, BA, 20, 8, 0.653, 2.22e-16, identity, ETEC_sys_mat, " ('sys_mat_spec_dist', 'ETEC_sys_mat')", spearmanr, 0.886, 0.0881, kendalltau, 0.766, 0.11, " ('ETEC_sys_mat', 'Wc_spec_dist')", spearmanr, 0.831, 0.099, kendalltau, 0.693, 0.115, " ('sys_mat_spec_dist', 'Wc_spec_dist')", spearmanr, 0.963, 0.0372, kendalltau, 0.882, 0.0605, 
